Oligo Id,Sequence,Z-Score (Scaled),Percentile (Scaled),Z-Score,Percentile,Mean,Std Dev,Pos 3 Zscore,Pos 4 Zscore,Pos 5 Zscore,Pos 6 Zscore,Pos 7 Zscore,Pos 8 Zscore,Pos 9 Zscore,Pos 10 Zscore,Pos 3 Scaled,Pos 4 Scaled,Pos 5 Scaled,Pos 6 Scaled,Pos 7 Scaled,Pos 8 Scaled,Pos 9 Scaled,Pos 10 Scaled
"1","GACTGACATTCTCCACTTCT","0.5043650611691528","69.29975672660387","-0.24588325668963917","40.28863026175378","0.5","0.2","","","","0.1859618123098376","","-0.3277334718592071","","","","","","0.5371923624619676","","0.14139227410411442","",""
"2","CAGTCTGAGTCAGGCCCTTC","0.4913684940785865","68.84170782620164","0.7093715340971006","76.09530261246826","0.5","0.2","","","","","","0.8008353471180414","","","","","","","","0.3671060378995641","",""
"3","CAGAAGGGCCTGACTCAGAC","0.4221291310211343","66.35346170355865","-0.7075250920513844","23.96201125701072","0.5","0.2","","0.6858987361326071","0.18788335767028458","","","","","","","0.3590585147109324","0.49353585350999557","","","","",""
"4","AAGACAGAAGGGCCTGACTC","0.5245598725949551","70.00554059403201","-0.8966369873751253","18.49563273015673","0.5","0.2","","0.6858391159364143","","-0.09037539521948484","","0.7952230205930713","0.00048628141753896854","","","0.35904659067169387","","0.481924920956103","","0.3659835725945701","0.0720379887317986",""
"5","ATGTTCAAGACAGAAGGGCC","0.46263385149239744","67.81865799901867","0.49375526316584045","68.92604843577908","0.5","0.2","","","","","-0.16832944041953432","-0.3505735467227271","","1.1649616244060805","","","","","0.3586377006826618","0.1368242591314104","","0.2684683088696604"
"6","AAAAAACTCATGTTCAAGAC","0.60281195387955","72.66831032253282","-0.5097980561677242","30.50964738243085","0.5","0.2","0.6805731023336296","0.36191278894782825","0.6029158615316359","0.46219220613947487","","","","0.08811939895609053","0.23448119373739756","0.29426132527397664","0.5765423542822659","0.592438441227895","","","","0.053099863779662346"
"7","CCATAAAAAACTCATGTTCA","0.35417663386591347","63.83967432088584","-0.6342669693753596","26.295330444578802","0.5","0.2","-0.49516004005410275","","0.3856263817786042","0.15911318592394225","0.21300174714387424","-0.2299892902045923","0.015156920344231387","0.1688119250552096","0","","0.5330844583316595","0.5318226371847885","0.4349039381953435","0.16094111043503737","0.07497211651713709","0.06923836899948616"
"8","AAAAGGGTCAGTCTACCTCC","0.4135806923343439","66.04093921420142","-0.06044776554903226","47.58995083873497","0.5","0.2","0.7951080246195926","0.4996629033876008","","","","","","-0.7676277132505995","0.25738817819459014","0.32181134816193113","","","","","","0"
"9","CCTGAAGTCCAAAAAGGGTC","0.38460741882312693","64.9735851621053","-0.032071101768212304","48.720767449945704","0.5","0.2","","","0.30999452791017906","0.11459536494398877","","","","","","","0.5179580875579745","0.5229190729887978","","","",""
"10","GCCACCTGAAGTCCAAAAAG","0.5803526037761231","71.91615698640234","-0.36803138630605037","35.642491561436664","0.5","0.2","","-1.1706241714012398","","","","","0.6821617512664501","-0.26368170088799237","","0","","","","","0.20837308270158084","0"
"11","AGCCACCTGAAGTCCAAAAA","0.75076851250119","77.36040087986531","-0.4825434260146316","31.470997857061334","0.5","0.2","","","0.044966884779670015","","","","","0.6010886430812825","","","0.46495255893187265","","","","","0.15569371260470075"
"12","CAGCCACCTGAAGTCCAAAA","0.7274544178172613","76.65261855343273","-0.751535989699335","22.616507488599165","0.5","0.2","","","","-0.8304856147250652","","","","","","","","0.33390287705498695","","","",""
"13","TTTGGACTTCAGGTGGCTGT","0.49730236978452613","69.05120795624927","-0.3646117933474511","35.77006051151861","0.5","0.2","","","","0.18935343621049247","","","","","","","","0.5378706872420985","","","",""
"14","TTGGACTTCAGGTGGCTGTA","0.5210889706509434","69.88476030686057","0.29606338613036576","61.640916260604136","0.5","0.2","","","0.1076710779209854","","","","","-0.5298351405689794","","","0.47749339756013576","","","","","0"
"15","GGACTTCAGGTGGCTGTAGG","0.4858224860158542","68.64534849529949","0.17388279956354474","56.90212146709678","0.5","0.2","-0.3070901947126461","","","","","-0.560734690159359","","","0.0369485343281424","","","","","0.09479203044408403","",""
"16","CACTCCAGGTGAGTGACCTC","0.5664587042097966","71.44590010775667","-0.3696722950191492","35.581333853893646","0.5","0.2","","","","","-0.3178437334765838","","","","","","","","0.3287348420712519","","",""
"17","CACTCACCTGGAGTGAGCCC","0.5909791798222217","72.27328144004095","-0.5362349548127644","29.58980891527519","0.5","0.2","","","","-1.1248654823717834","","","","","","","","0.2750269035256433","","","",""
"18","AGCAGGGCTCACTCCAGGTG","0.5701970520815955","71.57279723523304","-0.7826985164788123","21.690208680868018","0.5","0.2","","0.011236268907581694","","","","","","","","0.22412602126592732","","","","","",""
"19","GGAGCAGGGCTCACTCCAGG","0.5400930885745163","70.54335815937267","-0.9086571161926266","18.176557363624802","0.5","0.2","-0.12805150129617246","","","-0.7227343825989767","","","","","0.07275627301143713","","","0.35545312348020464","","","",""
"20","GGGGAGCAGGGCTCACTCCA","0.4532659576770373","67.48213785961774","-1.0245868635225213","15.277908274726665","0.5","0.2","","","-0.31592798527657884","","","-0.947441143146822","","","","","0.39277358492062286","","","0.0174507398465914","",""
"21","GGGGGAGCAGGGCTCACTCC","0.4168642591108769","66.16111513696661","-1.0245763053131636","15.278157473692444","0.5","0.2","","","","-0.3961780777870444","","","-0.41041593330858545","","","","","0.4207643844425911","","","0",""
"22","AAGGAGCCAGGGGGGAGCAG","0.41898195428116247","66.23853396060181","-0.9927244876925022","16.042211898694898","0.5","0.2","","","-0.5439167311492641","","","","-0.13323698250874275","","","","0.34717583574608585","","","","0.045293335946542265",""
"23","GAAGGAGCCAGGGGGGAGCA","0.3924366601231298","65.26321984231646","-0.8937711287942106","18.572217973802214","0.5","0.2","0.09514434657709427","","","-0.19503595215292913","","","","-0.5750027801194918","0.11739544258609047","","","0.4609928095694142","","","","0"
"24","GGAAGGAGCCAGGGGGGAGC","0.3531975080606945","63.80298120333341","-0.807431184117167","20.97090533773901","0.5","0.2","-0.13765121800521582","-0.5263251600886764","","","0.15916843976128786","","","","0.07083632966962845","0.11661373546667571","","","0.42413727671882623","","",""
"25","CTGGGAAGGAGCCAGGGGGG","0.24381503768927704","59.63129633268876","-1.0718273158575549","14.189880078313594","0.5","0.2","","","","-0.6407692623839238","-0.7484604444950153","","","0.34882897045866007","","","","0.3718461475232152","0.2426114998675656","","","0.10524177808017626"
"26","GGCTGGGAAGGAGCCAGGGG","0.3007325586209699","61.819078039804985","-0.5915064115261145","27.7090580254336","0.5","0.2","","","","","","-0.0982463729150459","-0.5098808006536434","","","","","","","0.18728969389294664","0",""
"27","CCCAGGCTGGGAAGGAGCCA","0.47779199166714065","68.36008691908792","-0.6930521741224114","24.413840485046855","0.5","0.2","","-0.0700352168577677","","","","","","","","0.20787172411285745","","","","","",""
"28","GCCCAGGCTGGGAAGGAGCC","0.4880177908174405","68.72313802073737","-1.2814664314495077","10.001494170674452","0.5","0.2","","","-0.6920547691558165","","","","","","","","0.31754822814477535","","","","",""
"29","AAGGATGCCCAGGCTGGGAA","0.45977700709366776","67.71618556565157","-0.18396204965376056","42.70216133778595","0.5","0.2","","","0.5212904167695618","","","","","","","","0.560217265329851","","","","",""
"30","CAAGGATGCCCAGGCTGGGA","0.4003981960811857","65.55683736551644","-0.4651216918057175","32.092215640192116","0.5","0.2","-0.09064929002594369","","","0.17246044824642826","","","","","0.08023671526548289","","","0.5344920896492856","","","",""
"31","ACTCAAGGATGCCCAGGCTG","0.44307396714919006","67.11438828388694","-0.7378909696442723","23.029035346574855","0.5","0.2","","","0.11893274237604051","0.2679194996660727","","","1.148558333708653","","","","0.47974573045114677","0.5535838999332146","","","0.3016523991900214",""
"32","AACTCAAGGATGCCCAGGCT","0.5709820923392175","71.5994109087735","-0.33276722550294","36.965499992905","0.5","0.2","","","","-0.15041604221825985","0.050765443135653225","","","0.461232156682253","","","","0.469916791556348","0.40245667739369934","","","0.12772241532489484"
"33","GAACTCAAGGATGCCCAGGC","0.5818776047211056","71.96754367879802","-0.08199384088087702","46.7325805615225","0.5","0.2","-0.44455019670547236","","","","-0.37816029317836836","0.1794139617077897","","","0.00945653392957714","","","","0.316671530130895","0.24282176081751378","",""
"34","AATGAGGCCTTGGAACTCAA","0.4374150010917452","66.9094796535039","-0.6833707846472548","24.718628806840997","0.5","0.2","","","0.40706414608248465","","","","","","","","0.5373720111924356","","","","",""
"35","GAATGAGGCCTTGGAACTCA","0.4093426249517846","65.88558806362406","-0.577923044097831","28.16580382459446","0.5","0.2","0.020615023016744137","","","0.465604984753742","","","","","0.10248957787402045","","","0.5931209969507484","","","",""
"36","CGAGAGCTGAATGAGGCCTT","0.4980744336171472","69.07842100832332","-0.534554590740095","29.6478945433164","0.5","0.2","0.9999751246745765","","0.2064331126777561","","","","","0.06032147029236901","0.29836159820558694","","0.49724580451148986","","","","","0.047540278046918044"
"37","CCGAGAGCTGAATGAGGCCT","0.4463926611820636","67.23431834708818","-0.8375006372750463","20.11556094431625","0.5","0.2","","0.4429097263485676","","0.17752474707166754","","","","","","0.3104607127541245","","0.5355049494143335","","","",""
"38","ATTCAGCTCTCGGAACATCT","0.6665690901680629","74.74762908214","-0.5694711971033528","28.45182059864275","0.5","0.2","","","0.07852801499463696","","","","","","","","0.471664784974866","","","","",""
"39","GAGATGTTCCGAGAGCTGAA","0.3660754769201412","64.28456220462813","0.8702953217240997","80.79304825459634","0.5","0.2","","0.7289369953256822","","","","","","","","0.3676661665495474","","","","","",""
"40","CTTCGAGATGTTCCGAGAGC","0.4394922445652233","66.98475498510281","-0.7597628759176323","22.369816866816333","0.5","0.2","","","","0.2725780256159006","","0.5831163174565208","","","","","","0.5545156051231801","","0.32356223196726","",""
"41","GGAACATCTCGAAGCGCTCA","0.6351301914282433","73.73282461775689","-0.4594268823380025","32.29638237189513","0.5","0.2","0.08949041229846104","-0.33271001281996854","","-0.3342759335512281","","","","","0.11626465573036383","0.15533676492041726","","0.4331448132897544","","","",""
"42","GTGAGCGCTTCGAGATGTTC","0.6373737785040903","73.80592979526172","-0.6808256667225231","24.799090362306302","0.5","0.2","","0.27973202811417885","","","","","","","","0.27782517310724675","","","","","",""
"43","CTCGAAGCGCTCACGCCCAC","0.5774698284479767","71.81889426257314","-0.7869476568681586","21.565625398578415","0.5","0.2","","","0.4193763241643804","-0.099727348737132","","","","","","","0.5398344468088148","0.4800545302525736","","","",""
"44","TGCAGATCCGTGGGCGTGAG","0.44623820225205046","67.22874048326028","-0.6912677012417014","24.469866266097444","0.5","0.2","","-0.6249451476087259","","-0.12992395396453862","","","","","","0.09688973796266581","","0.4740152092070923","","","",""
"45","GCTGCAGATCCGTGGGCGTG","0.4979165069671982","69.07285539431145","-0.6884813802439795","24.55748458790498","0.5","0.2","","","","-0.9087670685617998","","0.6574701790286976","","","","","","0.31824658628764","","0.33843300428169537","",""
"46","TTGCTGCAGATCCGTGGGCG","0.5647009355169411","71.38614010927107","-0.36453596143978867","35.77289125238332","0.5","0.2","","","","","","-0.6238409562617024","","0.8086343023088406","","","","","","0.08217077722361533","","0.19720284445021236"
"47","CCACGGATCTGCAGCAACAG","0.4771236413264541","68.33629595438362","-0.6466799478896625","25.891955174353733","0.5","0.2","-0.6343996606574658","","","","0.3305969128077997","","","","0","","","","0.4584229713281286","","",""
"48","CACGGATCTGCAGCAACAGA","0.4815997769812938","68.49548576741051","-0.3415899586757654","36.63297474783499","0.5","0.2","","","","-0.047800277885412995","","","","","","","","0.4904399444229174","","","",""
"49","CGGATCTGCAGCAACAGAGG","0.5872272139619577","72.14744412609583","-0.043707253454865036","48.256887866149775","0.5","0.2","","0.203299061907135","","","","","","-0.43668332816741884","","0.262538579865838","","","","","","0"
"50","CCTTCAGGTACTAAGTCTTG","0.49266463969834756","68.88752167409764","-0.03465126124163657","48.61789127295402","0.5","0.2","","","","-0.07863893603372771","","","","-0.2497108691711884","","","","0.48427221279325444","","","","0"
"51","CCCTTCAGGTACTAAGTCTT","0.5164327504497178","69.7223901608725","0.1549986722063485","56.158881795927726","0.5","0.2","","","","","-0.5021175283362644","","","","","","","","0.2918800830993158","","",""
"52","ACCCTTCAGGTACTAAGTCT","0.5652921551080503","71.40624681389318","0.5662334855386711","71.4382465223038","0.5","0.2","","","","","","-0.5664166301631688","","","","","","","","0.09365564244332207","",""
"53","ATTTCACCCTTCAGGTACTA","0.7034817885047041","75.91222239229441","-0.016866806664474182","49.32714367215909","0.5","0.2","","","","-0.3955287325610007","","","","","","","","0.42089425348779985","","","",""
"54","GGAGAATATTTCACCCTTCA","0.319905276205627","62.547993096960575","-0.3712058637036551","35.524210301639435","0.5","0.2","1.0252952648500258","","0.31355012631837864","-0.20123786698198706","","0.3107537962641049","","","0.30342562624067676","","0.5186692072396144","0.4597524266036026","","0.2690897277287768","",""
"55","TGGAGAATATTTCACCCTTC","0.3367498458931403","63.18472579566983","-0.6154344226080991","26.91339322131504","0.5","0.2","","0.4891051741174506","","0.3777002184602596","-0.127169395646293","","0.48745149652697467","","","0.3196998023079011","","0.5755400436920519","0.3668697096373101","","0.16943103175368573",""
"56","GGGTGAAATATTCTCCATCC","0.3325568857810445","63.026560364210724","-0.15011557076311752","44.03367177477173","0.5","0.2","","","","0.19019674153671087","-0.1556794117977212","-0.0655571072572386","","0.4345638954046901","","","","0.5380393483073422","0.36116770640702445","0.1938275470245081","","0.12238876306938226"
"57","GTGAAATATTCTCCATCCAG","0.3458055366414764","63.52555680295766","-0.44249840370392346","32.90642925871382","0.5","0.2","","0.11830014868720329","-0.19569112159580987","0.1261108415829439","","0.2586859664501219","","","","0.24553879722185165","0.4168209576567767","0.5252221683165887","","0.2586761617659802","",""
"58","TGAAATATTCTCCATCCAGT","0.36392595528515936","64.20433488933604","-0.4749160683236393","31.742339900777306","0.5","0.2","0.4639942303356842","-0.14916330951217938","0.18584168705188484","","0.5293395688325628","","","","0.19116541933780845","0.1920461055819751","0.4931275193863156","","0.49817150253308123","","",""
"59","AAGAAGAAACCACTGGATGG","0.3677413848717582","64.34669605565163","-0.8080752400490023","20.952363506733672","0.5","0.2","","0.7601686803772374","0.0008576190462061505","","0.7745323158005694","-0.051517481353008626","-0.11707209110926865","","","0.3739125035598585","0.4561307057851799","","0.5472100519266826","0.1966354722053541","0.04852631422643708",""
"60","CCATCCAGTGGTTTCTTCTT","0.5668363073721236","71.45872997050557","-0.6606704983220658","25.441182364092192","0.5","0.2","-0.5199539929138248","","","","-0.33214105908259384","","","","0","","","","0.3258753769500499","","",""
"61","CATCCAGTGGTTTCTTCTTT","0.5796453686968774","71.89231042428186","-0.05645606270020281","47.748924827637296","0.5","0.2","","","","0.06823570011011791","","","","","","","","0.5136471400220236","","","",""
"62","CAAAGAAGAAACCACTGGAT","0.3396260357795442","63.29309156607994","-0.8487580847053205","19.800795899895856","0.5","0.2","0.06418632977202912","0.22242322958292282","","0.5217359950300026","0.06470845826623269","","0.8004598076859866","-0.2393202854375282","0.11120383922507746","0.26636341340099556","","0.6043471990060005","0.4052452804198152","","0.23203269398548815","0"
"63","CCAAAGAAGAAACCACTGGA","0.3584050363646252","63.99798884047082","-0.830637145841216","20.308932184417333","0.5","0.2","-0.15819133292794443","0.46339474859680824","0.15541296343252492","","0.3548903619726733","0.013308377565810922","","1.4931856627764146","0.06672830668508273","0.3145577172037726","0.48704177466244364","","0.46328166116110336","0.209600643989118","","0.3341131165437272"
"64","CAGCCAAAGAAGAAACCACT","0.5785246660734154","71.85450253771089","-0.7955767092608258","21.313905421709762","0.5","0.2","","","","-0.2149003470477863","0.2737091779552527","-0.03783789557256251","","1.594512380687078","","","","0.45701993059044277","0.44704542435761924","0.19937138936144333","","0.3543784601258599"
"65","CCAGCCAAAGAAGAAACCAC","0.5373750358499202","70.44957081239804","-0.9413539170693611","17.32617604511838","0.5","0.2","-0.46056598111458263","","","","-0.4140229840951061","-0.47141131383872253","-0.28603843047273847","","0.006253377047755096","","","","0.3094989919475475","0.11265670570821132","0.014733046353743118",""
"66","CAACACCAGCTCCTCTCCCC","0.6458414152457707","74.08089682414146","-1.0029918043803925","15.793240778338602","0.5","0.2","-0.3934063720289425","","-0.6746631242532681","","","-0.2369735040881186","","","0.019685298864883113","","0.32102655712528505","","","0.1595442676583321","",""
"67","GGGAGAGGAGCTGGTGTTGT","0.28149111876152844","61.083313049046176","-0.7982580683315899","21.236037298857852","0.5","0.2","","-0.24661129405854068","","-0.13134315079133965","","","0.0458799682340346","","","0.17255650867270284","","0.4737313698417321","","","0.08111672609509774",""
"68","GGAGAGGAGCTGGTGTTGTT","0.35365354362281903","63.820072892960326","-0.8344587353460386","20.201126556281125","0.5","0.2","0.025521433633659208","","0.09422753035813052","","","0.09231553361832984","","","0.10347085999740346","","0.47480468804756476","","","0.2254020751996218","",""
"69","GAGAGGAGCTGGTGTTGTTG","0.4316672687835763","66.70083701329274","-0.7102585341998369","23.87719142599538","0.5","0.2","","1.0301829362442347","","","-0.44457336120910795","","","","","0.4279153547332579","","","0.3033889165247471","","",""
"70","AGGAGCTGGTGTTGTTGGGC","0.44611976519778396","67.22446319098943","0.003013277446782139","50.12021219569218","0.5","0.2","","-0.08854951731782497","","","","","","","","0.204168864020846","","","","","",""
"71","GTTGGGCAGTGCTAGGAAAG","0.44652106918646295","67.23895515989848","-0.7952752845840272","21.322669359039896","0.5","0.2","","","","","","-0.5964583029706202","","","","","","","","0.08764730788183178","",""
"72","TTGGGCAGTGCTAGGAAAGA","0.4339446107692964","66.78356681973567","-0.6179572549352012","26.830175791457282","0.5","0.2","","","","","-0.9599949035829797","","","","","","","","0.20030460804997274","","",""
"73","CTAAGCGAGGTAAGCAAGCA","0.4945399161913065","68.95375382770214","-0.8398380372531569","20.04996016027183","0.5","0.2","0.06570699314968029","-0.04714902601349659","","","","0.6597062440616424","","","0.11150797190060768","0.21244896228171167","","","","0.3388802172882843","",""
"74","ACTAAGCGAGGTAAGCAAGC","0.47355178728427694","68.20902184903174","-0.7346510062740859","23.127603280294306","0.5","0.2","","0.06955858714623463","-0.07833350101050889","","","","1.4372234095632712","","","0.23579048491365792","0.4402924817738369","","","","0.35938541436094507",""
"75","AGCACTAAGCGAGGTAAGCA","0.6175378298743028","73.15599814840607","-0.00691075310880972","49.72430303402908","0.5","0.2","","-0.47092019115434697","","","0.30400269578989736","-0.20487766005873714","","","","0.12769472925354158","","","0.45310412792454813","0.1659634364642084","",""
"76","AGGGAGCACTAAGCGAGGTA","0.5313916733221219","70.24263047889058","-0.7976206715594063","21.254532570019606","0.5","0.2","","","0.17092248911545144","","","-0.6832784133856185","","","","","0.49014367979902895","","","0.07028328579883214","",""
"77","ACCACGAGCTGCCCCCAGGG","0.7077515779674228","76.04502293708984","-0.959725962693091","16.85965764751493","0.5","0.2","","-0.15464658063499512","","","0.5058624559872688","","","","","0.19094945135741195","","","0.49347607996402243","","",""
"78","TCACCACGAGCTGCCCCCAG","0.6445745764218584","74.03985426249294","-0.8928159249351505","18.59778783820316","0.5","0.2","-0.8714647967531676","","","-0.8500396063449839","","","1.0519088757095936","","0","","","0.3299920787310032","","","0.28232250759020955",""
"79","CTCACCACGAGCTGCCCCCA","0.6703699155906363","74.86889961289508","-0.8099064615245434","20.899696893840563","0.5","0.2","","-0.1745274703553446","","","-0.4240616914884298","","","1.1160560107599933","","0.18697327341334208","","","0.3074912504688827","","","0.2586871861404429"
"80","CCTCACCACGAGCTGCCCCC","0.6334945130341381","73.67946185669544","-0.8103963662208062","20.885620283365704","0.5","0.2","","","-0.7816262391777875","","","-0.7124670878984773","","","","","0.29963393414038114","","","0.06444555089626036","",""
"81","AGGGGAGCCTCACCACGAGC","0.3975343170622683","65.451325719595","-0.7754342938097987","21.904153868865134","0.5","0.2","","","","-0.30938168161254836","","","","","","","","0.43812366367749034","","","",""
"82","AAGAAAGGGGAGCCTCACCA","0.3371653995147321","63.200389055109454","-0.8050569240256384","21.03934158957","0.5","0.2","","0.4909402631361307","0.008727306889208957","0.0516357274893187","","","","","","0.3200668201116371","0.45770464335378047","0.5103271454978637","","","",""
"83","GAGAATCTCCGCAAGAAAGG","0.5007707029540827","69.17337467610326","-0.34651168482854766","36.44791021470001","0.5","0.2","","0.4220640263474245","0.03049240305499638","","","","","","","0.3062915727538959","0.4620576625869379","","","","",""
"84","AGAGAATCTCCGCAAGAAAG","0.44686318231805083","67.25130756660083","-0.481996089746359","31.490436202186856","0.5","0.2","1.402242715948318","","0.36779313030576255","0.29089571854309115","","","","","0.3788151164603352","","0.5295178080370911","0.5581791437086182","","","",""
"85","AAGAGAATCTCCGCAAGAAA","0.3839536148979543","64.9493586373134","-0.6274845077939393","26.51708440953149","0.5","0.2","","0.831437743991863","","0.1629625150736284","0.20784635987940178","","","","","0.3881663162827836","","0.5325925030147257","0.433872860742449","","",""
"86","GAAGAGAATCTCCGCAAGAA","0.36508199139418157","64.24748983545604","-0.8040755571725813","21.06766699980121","0.5","0.2","0.22581717475826538","","0.27418937683536415","","0.526634447944554","0.09750327610116993","","","0.1435300082223247","","0.5107970573430115","","0.49763047835547947","0.2264396236961898","",""
"87","AGAGGAAGAGAATCTCCGCA","0.3313390557115915","62.9805803184916","-0.7935658453346446","21.372411127073406","0.5","0.2","1.1766459642597282","","","0.16485695124079772","-0.008216858970551967","","1.7804681105230098","","0.33369576612261725","","","0.5329713902481595","0.3906602169724583","","0.4280343545528928",""
"88","GCACAGAGGAAGAGAATCTC","0.39959924010580455","65.52741418817175","-0.9145310829396646","18.02189264314685","0.5","0.2","-0.6634083385028686","","-0.324298779187896","","0.23686327006256935","","","0.6547418668315594","0","","0.39109942613835946","","0.43967624277908257","","","0.16642435735475614"
"89","AGAGACCGGCGCACAGAGGA","0.5955966292568856","72.42776354907554","-0.9189124126228008","17.9070693457117","0.5","0.2","1.1355915056964696","","-0.06184119199635138","","","","","","0.32548487440996554","","0.4435909435766684","","","","",""
"90","GGGAGAGACCGGCGCACAGA","0.38023872148697946","64.8115890810675","-0.9440263504528558","17.25780915037734","0.5","0.2","","0.19083664684476256","","-0.22421658504650285","","0.21547563166984204","","","","0.2600460968533635","","0.45515668299069945","","0.2500340948099242","",""
"91","TGGGAGAGACCGGCGCACAG","0.3499812697501957","63.682362280714756","-0.8455974091470497","19.88886856881258","0.5","0.2","","","-0.05468246094194346","","0.6330439432331331","","0.6032239195951328","","","","0.44502268978754994","","0.5189123774131953","","0.19258551636731736",""
"92","CCTGGGAGAGACCGGCGCAC","0.3684882797068639","64.37454086251996","-0.6374586299048157","26.19130745030615","0.5","0.2","","","","","0.2659145376936495","","0.7747906148702678","","","","","","0.4454864963052986","","0.2268988554223444",""
"93","TTGAGGTGCGTGTTTGTGCC","0.41253301950801374","66.00256080733358","-0.08432909971449669","46.6397388286343","0.5","0.2","","0.3279917349103763","","","","","","","","0.28747711446648627","","","","","",""
"94","GGCACAAACACGCACCTCAA","0.5601912507344358","71.23255029154258","-0.9057177693888901","18.254262739452248","0.5","0.2","","-0.4566279820839787","","-0.11925018739562303","0.09031334381574896","-0.23936807418666387","","0.12402026058627806","","0.13055317106761524","","0.4761499625208754","0.41036625752971845","0.15906535363862306","","0.060280036105699854"
"95","ACAAACACGCACCTCAAAGC","0.700209583905538","75.81017863749982","-0.8348321001600681","20.19061247029399","0.5","0.2","0.6504093726209208","0.06922574632018227","0.1360226740507612","","0.011521304257650838","","","","0.2284484477948558","0.23572391674844745","0.4831637167860909","","0.39460784961809886","","",""
"96","AGCTTTGAGGTGCGTGTTTG","0.3730674783272174","64.54508886396417","0.8756445497879178","80.9388350688271","0.5","0.2","","","","","","0.46176708883474327","","","","","","","","0.2992923862429045","",""
"97","CACGCACCTCAAAGCTGTTC","0.6614901490826026","74.58509850092784","-0.7676844103255744","22.133735012052025","0.5","0.2","","","","-0.8004794745574126","","","","","","","","0.3399041050885174","","","",""
"98","CGGAACAGCTTTGAGGTGCG","0.5519035200147746","70.94927717087629","-0.931076333242645","17.59070399729619","0.5","0.2","","-0.07645739827171008","-0.3976705586024561","","-0.3617971078306035","","","","","0.20658728783006897","0.3764250702554474","","0.319944167200448","","",""
"99","GACGGAACAGCTTTGAGGTG","0.4452465163761831","67.19291929334896","-0.8528673090551664","19.686644615588694","0.5","0.2","","","","0.05882975687007397","-0.12663150016180555","","-0.28746224860452957","","","","","0.5117659513740148","0.36697728873420754","","0.014448282727384895",""
"100","GGGACGGAACAGCTTTGAGG","0.49598278391598566","69.00467212292396","-0.9173993542661084","17.946670549991552","0.5","0.2","","-0.07137329825117422","","","","0.6195360739836513","-0.4159888335121238","","","0.20760410783417615","","","","0.3308461832726861","0",""
"101","CCTCAAAGCTGTTCCGTCCC","0.499443105922758","69.12663708897443","-0.7497237266109893","22.67105572546866","0.5","0.2","","","-0.14834244600637458","-0.10335584586258512","-0.21875858226493125","","","","","","0.42629069277466375","0.47932883082748295","0.3485518723135824","","",""
"102","CAAAGCTGTTCCGTCCCAGT","0.5480817157814465","70.81821026667548","-0.1466821050390279","44.16914719605175","0.5","0.2","-0.24766172993442737","0.18491084880412462","","","","","","","0.04883422728378615","0.2588609372452359","","","","","",""
"103","GTAATCTACTGGGACGGAAC","0.5007577632616245","69.17291928857532","-0.1270938547994124","44.94330575905004","0.5","0.2","-0.2504853583763806","-0.4675768916830691","","","","-0.006564032869470328","","","0.0482695015953955","0.12836338914779716","","","","0.20562616190206176","",""
"104","TAGTGGTAATCTACTGGGAC","0.3118275732883887","62.2414216157406","0.6361482765001952","73.76601089623163","0.5","0.2","","","","","","-0.2563063644922185","-0.2698502533753741","","","","","","","0.15567769557751213","0.017970681773215993",""
"105","CCAGTAGATTACCACTACTC","0.35902653165769444","64.0212379350943","0.14374519899046379","55.71491609132415","0.5","0.2","-0.484789309170562","","","0.2364906393941333","","0.6739345743411437","","","0.0014087114365592124","","","0.5472981278788267","","0.3417258833441846","",""
"106","TGAGTAGTGGTAATCTACTG","0.32795500518442694","62.852715830191286","0.42974710743434","66.63101939386247","0.5","0.2","0.4073676608084489","","","-0.1016851848709147","","","","","0.1798401054323614","","","0.47966296302581707","","","",""
"107","CAGTAGATTACCACTACTCA","0.35530051511148253","63.88177651984541","-0.0019259474549029815","49.92316586054058","0.5","0.2","","","0.12168201137752359","","0.47304810221579724","","","-0.30876780220318495","","","0.48029558425144336","","0.48691320920972814","","","0"
"108","CTGAGTAGTGGTAATCTACT","0.2903253077912279","61.42163102974108","-0.010108120789274193","49.59675119111816","0.5","0.2","","0.44457667796574674","","","-0.16721642268402961","","","","","0.31079410307756034","","","0.3588603042297628","","",""
"109","CCTGAGTAGTGGTAATCTAC","0.33219497840864687","63.012898233953216","0.21239205465470298","58.40994080733479","0.5","0.2","","","0.47324096344844857","","","-0.1709911137906346","","","","","0.5506073746656284","","","0.1727407457178289","",""
"110","ACTCCAGGTCAGGAGCCACT","0.6205244065685561","73.25437046942773","-0.659379967113152","25.482590148120888","0.5","0.2","","","","-0.29517049194325545","","","","","","","","0.4409659016113489","","","",""
"111","CTCCTGACCTGGAGTCTTCC","0.5125942796275482","69.58824222544742","-0.07452877126762407","47.029482433033586","0.5","0.2","","","","","-0.10083970241659992","","","","","","","","0.3721356482832487","","",""
"112","CTGGAAGACTCCAGGTCAGG","0.35773750700353446","63.973011920038324","-0.8159621307461126","20.726089751417966","0.5","0.2","","","0.37560873019557367","-0.24449269515017924","","0.43976615278715464","","","","","0.5310809280150534","0.4511014609699642","","0.29489219903338676","",""
"113","CCTGACCTGGAGTCTTCCAG","0.5628838015660729","71.32429944480695","-0.5033025320040626","30.737579326886777","0.5","0.2","","","0.05136237841305996","","","","","","","","0.4662316576585506","","","","",""
"114","CACTGGAAGACTCCAGGTCA","0.3977994317601192","65.46109819160245","-0.2184375785990851","41.354409444824725","0.5","0.2","","","","","0.5288762414297437","-0.10809286323187521","","1.1389428394738423","","","","","0.49807883705251743","0.1853203958295808","","0.26326455188321274"
"115","ACACTGGAAGACTCCAGGTC","0.4677239783732737","68.00090043256166","0.03622879677916062","51.445003772646814","0.5","0.2","-0.34925705572213256","","","","","0.6205592167218487","0.006406135642686119","","0.028515162126245108","","","","","0.3310508118203256","0.07322195957682803",""
"116","CCTGGAGTCTTCCAGTGTGA","0.3616139734081164","64.1179739443502","0.02973465942265166","51.186066504350805","0.5","0.2","","","","0.15170460167803837","","","","","","","","0.5303409203356076","","","",""
"117","CATCACACTGGAAGACTCCA","0.63134968184837","73.60940455301885","-0.8897313309733434","18.68050832230971","0.5","0.2","","","-0.4712302050112732","","-0.9354140849469131","","","","","","0.361713140973684","","0.20522077177718603","","",""
"118","TCATCACACTGGAAGACTCC","0.6487887544341571","74.17625364135833","-0.7313466310519234","23.228372729198572","0.5","0.2","-0.4633665540822749","","","-0.9607274783462141","","-0.5072616332972563","","","0.005693262454216641","","","0.3078545043307572","","0.10548664181650458","",""
"119","GTCTTCCAGTGTGATGATGG","0.5239479981652576","69.98426453717276","0.1870308392314755","57.41817733224065","0.5","0.2","","","","","","-0.5722671206558005","","","","","","","","0.09248554434479572","",""
"120","CTTCCAGTGTGATGATGGTG","0.4697711436602199","68.07407335407996","-0.12802344823351888","44.90652083618285","0.5","0.2","","","","-0.43868608732964826","","","","","","","","0.41226278253407034","","","",""
"121","TTCCAGTGTGATGATGGTGA","0.4138240295964639","66.04985077982224","0.40844935579388714","65.85280977628817","0.5","0.2","","","-0.6343100785288784","","","","","","","","0.32909716627016294","","","","",""
"122","CTCACCATCATCACACTGGA","0.6302701401666138","73.57410721206708","-0.8194244544043469","20.627214371539264","0.5","0.2","","-0.4388644913751732","","","-0.20388457935833088","","","-0.5080418572656402","","0.13410586920937634","","","0.35152667289490247","","","0"
"123","CAGTGTGATGATGGTGAGGA","0.3017917825109993","61.859460220804586","0.6521017106727197","74.28322197066862","0.5","0.2","","","","","","0.7543840725834583","","","","","","","","0.3578157829926475","",""
"124","ATCCTCACCATCATCACACT","0.7038554938069006","75.92386148062774","-0.21068612485076754","41.65661011775039","0.5","0.2","","","","","-0.5169704075490759","","","-0.2978971881635873","","","","","0.2889095072567535","","","0"
"125","AGTGTGATGATGGTGAGGAT","0.29452575422439253","61.58219066746402","0.32985887819363074","62.92467017854254","0.5","0.2","","","","","-0.05789225850710775","","","0.3151766879198747","","","","","0.3807251370651471","","","0.09851132157241918"
"126","CATCCTCACCATCATCACAC","0.7137486496872941","76.23086911898326","0.12099349169742322","54.81519049022374","0.5","0.2","","","","","","-0.7049061776361744","","","","","","","","0.06595773294872095","",""
"127","GTGTGATGATGGTGAGGATG","0.28280311582614165","61.13361171435078","-0.0005139453007062041","49.979496549876096","0.5","0.2","","","","-0.028329776797681987","","","0.33809702176359707","","","","","0.4943340446404636","","","0.13956013680101023",""
"128","GATGGTGAGGATGGGCCTCC","0.29569910294279395","61.627005884189124","0.1308798895420545","55.20648381780059","0.5","0.2","","","","","","0.5996715526614032","","","","","","","","0.3268732790082365","",""
"129","GAGGATGGGCCTCCGGTTCA","0.36708658355194446","64.32227827208457","-0.18438630241017034","42.68552073426162","0.5","0.2","","","0.2215573888941796","","","","","","","","0.5002706597547746","","","","",""
"130","CCGGTTCATGCCGCCCATGC","0.4345093445377445","66.80406947171791","0.8638310820857328","80.6159654729974","0.5","0.2","","","","","","-0.8233960709216807","","","","","","","","0.04225975429161968","",""
"131","CGGTTCATGCCGCCCATGCA","0.5423042499980133","70.61955358405841","0.43835235482728674","66.94345604843436","0.5","0.2","","","","","-0.6888500176717047","","","","","","","","0.2545335852322277","","",""
"132","CTGCATGGGCGGCATGAACC","0.500256018473997","69.15525907319093","-0.4175147215103499","33.81509793190498","0.5","0.2","","","-0.3137451579777983","","","","","","","","0.393210150380379","","","","",""
"133","CCTGCATGGGCGGCATGAAC","0.4725059866266947","68.17171651854177","-0.5696143608813345","28.44696430190105","0.5","0.2","","","","-0.7144530378779654","","","","","","","","0.35710939242440687","","","",""
"134","GTAACAGTTCCTGCATGGGC","0.5347762319460991","70.35976998295702","-0.09595731338064648","46.17772375224353","0.5","0.2","-0.18282756964190422","-0.778286915113896","","0.015531117325514593","","","","","0.06180105934229078","0.06622138446163178","","0.5031062234651029","","","",""
"135","TGTAACAGTTCCTGCATGGG","0.4654294055579435","67.9188009868138","-0.48527985517752137","31.37389216238382","0.5","0.2","","-0.27723650694746","-0.4787956172509057","","-0.2836784709917888","","","","","0.166431466094919","0.36020005852575754","","0.3355678945682109","","",""
"136","TGTGTAACAGTTCCTGCATG","0.3918519331872222","65.2416189905169","0.25493028793846295","60.06115287233237","0.5","0.2","","","","0.08456713094012101","-0.49758072810652887","","-0.11163353598709973","","","","","0.5169134261880242","0.2927874431452629","","0.04961402525087087",""
"137","CATGCAGGAACTGTTACACA","0.5140661849925491","69.63971409060434","-0.7641578391383471","22.238659393891876","0.5","0.2","","","","0.02428473062630395","","","0.6524235927037091","-0.6146299634641361","","","","0.5048569461252608","","","0.20242545098903264","0"
"138","ATGTGTAACAGTTCCTGCAT","0.339906369386736","63.3036480069527","0.5820690920639557","71.97399284979747","0.5","0.2","","","","","-0.025173480830952243","-0.800939154587069","","0.19343273956245294","","","","","0.3872688926003782","0.046751137558542016","","0.07416253190093483"
"139","CATGTGTAACAGTTCCTGCA","0.39259902888304055","65.26921715383092","1.0707575251675403","85.78607651166953","0.5","0.2","","","","","","0.11374883274360131","-0.5985243270941606","","","","","","","0.2296887350246761","0",""
"140","GCAGGAACTGTTACACATGT","0.4004695418918749","65.55946436249135","-0.7829136808849366","21.683890153974357","0.5","0.2","-0.43355345119216937","","","0.10004131125204065","-0.4905749234388722","","","","0.011655883032237746","","","0.5200082622504081","0.2941886040787942","","",""
"141","ACTACATGTGTAACAGTTCC","0.48245302019185177","68.525791783895","-0.2896507641367726","38.60417133696975","0.5","0.2","","0.12798557295676005","","-0.07061150539551404","","","","","","0.247475882075763","","0.4858776989208972","","","",""
"142","TGTTACACATGTAGTTGTAG","0.5480843347814086","70.81830017825185","0.03183151862537313","51.26967944310453","0.5","0.2","","","-0.29246374496732586","","-0.6182931211031987","","-0.22814505870604196","","","","0.39746643298247347","","0.26864496454592895","","0.026311720707082417",""
"143","ACTACAACTACATGTGTAAC","0.5755389359116027","71.75365671097948","-0.6894593963430716","24.526710827682884","0.5","0.2","","0.2655023364561571","","-0.1859097975917423","-0.08313523377725646","","","0.1305810413022515","","0.2749792347756424","","0.46281804048165154","0.3756765420111174","","","0.06159219224889454"
"144","GTTACACATGTAGTTGTAGT","0.534884308250377","70.36350701663798","-0.7912504633631493","21.439892452586918","0.5","0.2","","-0.48825459469186366","","-1.1675786146132323","","-0.0012208417017704302","","","","0.12422784854603824","","0.26648427707735356","","0.20669480013560174","",""
"145","ACACATGTAGTTGTAGTGGA","0.4348578417110195","66.81671914738246","0.18733606082221493","57.43014245029441","0.5","0.2","-0.5598307741086451","","-0.051627301307478536","","","","0.0522488707250453","","0","","0.44563372171444293","","","","0.08239050659329987",""
"146","CACATGTAGTTGTAGTGGAT","0.36446354093848987","64.22440527860974","0.4271737886707962","66.53736244155526","0.5","0.2","","0.035893006295411325","","","","-0.2177197258115405","","","","0.22905736874349325","","","","0.16339502331364772","",""
"147","CCATCCACTACAACTACATG","0.5880388698431066","72.17468984811086","-0.6291041820060992","26.464042639331876","0.5","0.2","-0.32360735639457316","","","","-0.718024301119537","","","-0.41208358024623837","0.03364510199175699","","","","0.24869872854266128","","","0"
"148","CATGTAGTTGTAGTGGATGG","0.30558782223931713","62.00407531732894","0.37217663958866104","64.51193311356154","0.5","0.2","","","","-0.23559849731760515","","","","","","","","0.452880300536479","","","",""
"149","ATGTAGTTGTAGTGGATGGT","0.2991824841974947","61.75995934204839","0.8594474072597468","80.49531379179047","0.5","0.2","","","-0.24084782862339638","","","","","","","","0.40778961625125937","","","","",""
"150","CACCATCCACTACAACTACA","0.607553301983274","72.8258109682298","-0.3501474393299434","36.31140250667336","0.5","0.2","","","-0.16179370021760878","","","","-0.6940899524961693","","","","0.4236004419324169","","","","0",""
"151","GTTGTAGTGGATGGTGGTAC","0.28988960980106626","61.40496546635138","0.3665816891660946","64.30344656505615","0.5","0.2","","","","-0.1278270047197788","","","","","","","","0.47443459905604424","","","",""
"152","TAGTGGATGGTGGTACAGTC","0.29268925653430644","61.51201587468989","-0.23227244166832467","40.81632077619742","0.5","0.2","","","","","0.1389364746864172","","","","","","","","0.4200908837038521","","",""
"153","GTGGATGGTGGTACAGTCAG","0.2790156637320127","60.98835979903912","-0.48219876393939376","31.483237742020997","0.5","0.2","","","-0.056803318009541824","","","","","","","","0.4445985183740303","","","","",""
"154","GGTACAGTCAGAGCCAACCT","0.5169133293381454","69.73916688146541","-0.06009148994039209","47.60413838799657","0.5","0.2","","-0.48803510981900006","","-0.26849522864595976","","","","-0.4181270651730638","","0.12427174552061097","","0.44630095427080807","","","","0"
"155","GTACAGTCAGAGCCAACCTA","0.5867630957648531","72.13185873562891","-0.04866263095827822","48.059407837472676","0.5","0.2","-0.4411231362886639","","0.06047345863154697","","","","-0.37831664637773865","","0.010141946012938843","","0.46805387370224805","","","","0",""
"156","GCCAACCTAGGAGATAACAC","0.5303191083680227","70.20546498197503","-0.791957163400869","21.41928270045118","0.5","0.2","","-0.9531342476297653","-0.27286147843346364","","","","0.19250551425910783","","","0.031251917958457914","0.4013868862892459","","","","0.11044183530011238",""
"157","CCAACCTAGGAGATAACACA","0.5938493693173568","72.3693567293196","-0.32410203924155073","37.29303915492061","0.5","0.2","-0.4557866149680089","0.1789559886316678","","","","0.41498901119666814","","","0.00720925027706984","0.25766996521074453","","","","0.28993677071528945","",""
"158","CTGAGGTCTGGTTTGCAACT","0.42147163788704933","66.32946412580382","0.01665767000478079","50.6645141543063","0.5","0.2","","0.37521220417288265","","","","","","","","0.2969212083189875","","","","","",""
"159","CCTGAGGTCTGGTTTGCAAC","0.38479107200687473","64.98038928492831","-0.06522843701581223","47.39960599357074","0.5","0.2","","","0.5088846302408557","","","","","","","","0.5577361080241098","","","","",""
"160","CCAGACCTCAGGCGGCTCAT","0.5472658928486522","70.79019637849323","-0.9155978199160177","17.99389376049091","0.5","0.2","-0.5992379959154481","","0.12968969333342847","","","","","-0.7292965891263615","0","","0.48189712064262435","","","","","0"
"161","CAGACCTCAGGCGGCTCATA","0.6142263696921284","73.04671248452695","-0.44151372196916316","32.942056485344295","0.5","0.2","","0.44038011169760366","","","","","-0.5666304476692687","","","0.3099547898239317","","","","","0",""
"162","CTATGAGCCGCCTGAGGTCT","0.46889853378682556","68.0428917805243","-0.5717471877602129","28.374663044180583","0.5","0.2","0.07801840864753791","","","0.0818980555967259","","","","","0.11397025500017921","","","0.5163796111193452","","","",""
"163","CCTATGAGCCGCCTGAGGTC","0.41870348276625247","66.22835749731003","-0.3300738726933126","37.067207224604296","0.5","0.2","","0.22628836012446","","","0.699534891128822","","","","","0.267136439509303","","","0.532210566992333","","",""
"164","GTGCCCTATGAGCCGCCTGA","0.5999965483761649","72.57457320827537","-0.16918225825380714","43.28266422442412","0.5","0.2","","","","","","0.16870740581646146","","","","","","","","0.24068044963924812","",""
"165","CATAGGGCACCACCACACTA","0.49516382179482504","68.97577570222671","-0.6993240907414212","24.217475746844947","0.5","0.2","","0.39436175619905517","","","","","-0.542760341786375","","","0.300751118724222","","","","","0",""
"166","CATAGTGTGGTGGTGCCCTA","0.3211317836110076","62.59447374966081","0.742978826016386","77.12527500484556","0.5","0.2","","0.2643621640888269","","","","","","","","0.27475120030217637","","","","","",""
"167","AGGGCACCACCACACTATGT","0.6790204479299166","75.14375470504902","-0.9068937120115556","18.22315033325563","0.5","0.2","","","","-0.6453467939026208","","","-0.6399339089353976","","","","","0.37093064121947583","","","0",""
"168","ACCACCACACTATGTCGAAA","0.7306600793763527","76.75065974378596","-0.8533594898228526","19.672998960015963","0.5","0.2","","-0.34403634296990343","","","-0.4596909181276","","-0.4086016329604294","","","0.1530714988904303","","","0.3003654051410487","","0",""
"169","CACCACACTATGTCGAAAAG","0.6881295264339407","75.4314390870742","-0.8498157361929437","19.771376968738124","0.5","0.2","","","-0.4953121800335581","","-0.24768430238276481","","","0.09466887273485912","","","0.35689674596922705","","0.3427667282900157","","","0.05440975853541606"
"170","GTGTGGAGTATTTGGATGAC","0.2974319551129573","61.693162486014245","-0.01434078669392171","49.42790499475949","0.5","0.2","","","","","-0.13404172653040836","","","-0.21428245661081263","","","","","0.365495243460487","","","0"
"171","GGAAGGAAATTTGCGTGTGG","0.30550940427006434","62.00108957173226","-0.8044203573101518","21.057712408107648","0.5","0.2","0.2584297977447147","-0.25693039795097755","","","0.28671557749978993","-0.5695993333830671","-0.4469582500364542","","0.15005253281961456","0.17049268789421548","","","0.44964670426652664","0.0930191017993424","0",""
"172","GTGGAAGGAAATTTGCGTGT","0.31189888354354733","62.24413144921702","-0.7907138669718365","21.455549109515214","0.5","0.2","","","-0.15519139767871723","0.06978311339870694","","","0.6154508835565993","-0.5267321466116524","","","0.4249209024401952","0.5139566226797414","","","0.1950309091596107","0"
"173","AGTGGAAGGAAATTTGCGTG","0.3240975529686161","62.70679102600711","-0.3019465893135113","38.13463895654032","0.5","0.2","","","","0.02725666810853664","0.002096538452218813","","","0.8065434085994293","","","","0.5054513336217074","0.3927228964570124","","","0.19678466570833011"
"174","CACGCAAATTTCCTTCCACT","0.5202928195803704","69.85702501142842","-0.7953807373424158","21.319603075926143","0.5","0.2","","","","-0.6584149286979297","-0.10978812292523468","-0.1535057938703514","","","","","","0.3683170142604141","0.37034596418152177","0.17623780970188554","",""
"175","ACGCAAATTTCCTTCCACTC","0.47557231502581815","68.28104486155078","-0.6068569936705216","27.197291047057924","0.5","0.2","","","0.02570379364374381","-0.05007238866772208","0.3227682195048584","","","","","","0.4610999407046874","0.4899855222664556","0.45685723266754036","","",""
"176","CGAGTGGAAGGAAATTTGCG","0.29197754844893153","61.48481049380779","-0.15275236341417456","43.92967826197948","0.5","0.2","0.9381399541374389","","","","","0.16638421957611868","-0.5031605347781621","","0.28599456409815943","","","","","0.24021581239117956","0",""
"177","CTTCCACTCGGATAAGATGC","0.6826482668110707","75.2585436586207","-0.6611634105774815","25.425376169356674","0.5","0.2","","","","-0.5334392028866274","","","","","","","","0.3933121594226745","","","",""
"178","AGCATCTTATCCGAGTGGAA","0.5702826299255617","71.57569899118067","0.651812849178051","74.27390442232895","0.5","0.2","","-0.13349142906492972","","","","","0.13231631551380982","","","0.19518048167142504","","","","","0.09840399555105278",""
"179","CAGCATCTTATCCGAGTGGA","0.6268331011910038","73.46156784128688","-0.048509003466073584","48.06552945811563","0.5","0.2","","","-0.1257190440400149","","","","","-0.07215406801840786","","","0.43081537316793567","","","","","0.021045170384762668"
"180","TCCACTCGGATAAGATGCTG","0.6002567952572251","72.58324461547086","-0.1602421679991098","43.63451566443254","0.5","0.2","","-1.1707875797729888","","","","","","0.4702508948618534","","0","","","","","","0.12952616296081493"
"181","CCTCAGCATCTTATCCGAGT","0.6033802023787146","72.68721052712687","-0.7487965369973406","22.698992365098487","0.5","0.2","","","-0.2882916307570213","","","-0.7590311483691494","","","","","0.3983008558245344","","","0.055132738802125936","",""
"182","ACTCGGATAAGATGCTGAGG","0.414499156291939","66.07457075963102","-0.6295527348133407","26.449362791889513","0.5","0.2","","","","","0.38701740675609947","","-0.181925508196088","-0.3691471523154538","","","","","0.46970707011778856","","0.035555630809073216","0"
"183","TCCTCAGCATCTTATCCGAG","0.6652620040863197","74.70585357769184","-0.4224367661806609","33.635312330752974","0.5","0.2","","","","-0.19446659092624724","","","-0.37422681684345305","","","","","0.46110668181475056","","","0",""
"184","CTCGGATAAGATGCTGAGGA","0.36825406604387767","64.36581002326558","-0.30077375403442486","38.179351172720935","0.5","0.2","","","","0.48961968496614267","","0.07120833610964014","-0.18272159076737526","","","","","0.5979239369932285","","0.22118063569788385","0.03539641429481576",""
"185","TCGGATAAGATGCTGAGGAG","0.2883821669724772","61.34728915681242","-0.5361330878914224","29.593328690003144","0.5","0.2","","","-0.08908661721216572","","-0.34168410758911993","-0.38233891522813035","","0.9109754466158339","","","0.4381418585335055","","0.3239667672487447","0.13047118543032976","","0.217671073311611"
"186","CCTCCTCAGCATCTTATCCG","0.6618431627055893","74.59641296187432","-0.08421723979305745","46.64418557545274","0.5","0.2","","","","","","-0.7457681132491396","","","","","","","","0.057785345826127904","",""
"187","CGGATAAGATGCTGAGGAGG","0.3014502784903387","61.84644202314187","-0.3786093208313196","35.248899978522275","0.5","0.2","","0.02720811023689153","","-0.0675789760997947","0.08206159623711086","","0.675502998355329","","","0.2273203895317893","","0.48648420478004106","0.4087159080139908","","0.2070413321193566",""
"188","CTTAGGTCTGGCCCCTCCTC","0.4042935759651526","65.70015755616078","0.012526631808647026","50.49972723667304","0.5","0.2","","0.04030725652873911","","","","","","","","0.2299402187901588","","","","","",""
"189","GGCCAGACCTAAGAGCAATC","0.5382873834900694","70.48106699168255","-0.848693154013614","19.802602829773402","0.5","0.2","","","-0.6176945395968844","","0.7160745167199889","","","","","","0.33242027405656177","","0.5355184921105665","","",""
"190","TAGCGATGGTGAGCAGCTGG","0.425857141672571","66.48940268640992","-0.4919067043328786","31.13926492895419","0.5","0.2","","","","-0.02096751565547451","","","","","","","","0.4958064968689051","","","",""
"191","ATAGCGATGGTGAGCAGCTG","0.47748336152425647","68.34910169497805","-0.8085021446012682","20.940078598657387","0.5","0.2","0.2513752225431035","","","","0.29050654981972857","","","","0.14864161777929233","","","","0.45040489873051437","","",""
"192","GATAGCGATGGTGAGCAGCT","0.47075448141940446","68.10919632812346","-0.8794098080684059","18.95895580189363","0.5","0.2","","-0.1457332153168432","","","","0.5350331610591756","","","","0.19273212442104234","","","","0.313945600687791","",""
"193","AGATAGCGATGGTGAGCAGC","0.4698126021092391","68.07555449971943","-0.4585858955325237","32.32657835448671","0.5","0.2","0.8852748091188843","","0.0962613694952985","","","","1.1457906975555008","","0.2754215350944485","","0.47521145587499836","","","","0.301098871959391",""
"194","CTGCTCACCATCGCTATCTG","0.6270466296435756","73.46856650803475","-0.1033609197227104","45.88382637575486","0.5","0.2","","","","","-1.00316887522156","","","-0.25432897411743866","","","","","0.19166981372225667","","","0"
"195","CTCAGATAGCGATGGTGAGC","0.46673106507823614","67.96538494370253","-0.4486340448813257","32.68478351692474","0.5","0.2","","-0.3275547374173413","","0.6384891530655205","","0.22710880376903708","","","","0.15636782000094274","","0.6276978306131041","","0.25236072922976327","",""
"196","CTCACCATCGCTATCTGAGC","0.6119921398151096","72.97285209830714","-0.7960019446915317","21.301545254073716","0.5","0.2","","-0.7215487737302003","","","-0.3678390324154279","","","","","0.07756901273837091","","","0.3187357822834831","","",""
"197","CATGAGCGCTGCTCAGATAG","0.6055926656423843","72.76073630710125","-0.6973371920095438","24.279589890746934","0.5","0.2","","","0.4331402818916442","","","","","","","","0.5425872383542675","","","","",""
"198","ACCATGAGCGCTGCTCAGAT","0.487341575111356","68.6991855198479","-0.23863569947912489","40.56940402747139","0.5","0.2","","-0.020372451682840832","","","0.8142546009966428","","","","","0.2178042771478428","","","0.5551545089658972","","",""
"199","ATCTGAGCAGCGCTCATGGT","0.5354524129703961","70.38314723743481","-0.4154446547440682","33.890821140574026","0.5","0.2","","","","0.032807405818150774","","","-0.40127418532004855","","","","","0.5065614811636302","","","0",""
"200","TCTGAGCAGCGCTCATGGTG","0.5576175411878879","71.14472121070634","-0.803077617301995","21.096493690487517","0.5","0.2","","","0.16741169317727964","","","-0.5864713639474148","","","","","0.48944152061139456","","","0.08964469568647286","",""
"201","CTGAGCAGCGCTCATGGTGG","0.5804286334912188","71.91871997497941","-0.9958633437478657","15.965827392840215","0.5","0.2","","0.37062599358586734","","","-0.4701825212536021","","","","","0.2960039662015845","","","0.29826708451584827","","",""
"202","TGAGCAGCGCTCATGGTGGG","0.6690840311722807","74.82790620583887","-0.9966999138912123","15.945509575513695","0.5","0.2","0.1963040837175053","","","-0.7613261452774721","","","","","0.13762739001417268","","","0.34773477094450556","","","",""
"203","CCCCACCATGAGCGCTGCTC","0.5908877589334813","72.27021857984082","-0.8543904366038393","19.644434651078313","0.5","0.2","","","-0.7331876688154071","","","-0.4279063598916882","","","","","0.30932164821285724","","","0.12135769649761818","",""
"204","GTGAGGCGCTGCCCCCACCA","0.6166904350650494","73.12805343207481","-0.9896691695343224","16.11679245247728","0.5","0.2","","0.9651043164213006","","","","","","","","0.4148996307686711","","","","","",""
"205","GGGCAGCGCCTCACAACCTC","0.6032447433577799","72.6827056862481","-0.6878332908691578","24.57788846050763","0.5","0.2","","","-0.49030803088997577","","","","","","","","0.3578975757979435","","","","",""
"206","TGACGGAGGTTGTGAGGCGC","0.3435745751575314","63.441687597790285","-0.6936118128692524","24.396284178705407","0.5","0.2","-0.6064118456524052","","","","-0.5619672627756068","","","","0","","","","0.27991013621144734","","",""
"207","GCGCCTCACAACCTCCGTCA","0.6838476808090773","75.29643227950515","-0.06834584926901507","47.27551634954965","0.5","0.2","","","","","","-0.5589207563519736","","-0.4312377553114417","","","","","","0.09515481720556111","","0"
"208","GCCTCACAACCTCCGTCATG","0.625892395351179","73.43072385824708","-0.45234897237907","32.55088006172778","0.5","0.2","","","","-0.7611103955055167","","-0.5125699115888398","-0.4110841170282599","","","","","0.34777792089889664","","0.10442498615818786","0",""
"209","ACATGACGGAGGTTGTGAGG","0.45360607202908504","67.49438088172512","-0.6854406489942427","24.653295037929514","0.5","0.2","-0.33132375126459707","","","-0.38234757693668325","","","","0.676509426543164","0.032101823017752204","","","0.42353048461266335","","","","0.17077786929707706"
"210","GCACATGACGGAGGTTGTGA","0.41550120790875067","66.11124844557422","-0.4847307119173537","31.393368896999053","0.5","0.2","-0.59158758248338","","-0.09400828033040533","","","0.6367017815019008","","","0","","0.43715752590985757","","","0.33427932477633604","",""
"211","TCACAACCTCCGTCATGTGC","0.6282460046939959","73.50786013321441","-0.9138851653173249","18.03885947040378","0.5","0.2","-0.5846928485984173","","-0.19965862885068775","-0.3260711710300581","","","","","0","","0.4160274562058011","0.43478576579398837","","","",""
"212","AGCACATGACGGAGGTTGTG","0.5981307288297187","72.51236460354444","-0.5692535533474352","28.45920410907802","0.5","0.2","","-0.3321643357106716","","0.07190015224994331","","","0.6533330125597009","","","0.15544590034227668","","0.5143800304499887","","","0.20260733496023098",""
"213","ACAACCTCCGTCATGTGCTG","0.6627507910018863","74.62549127495086","-0.2996672825105692","38.22154785383739","0.5","0.2","-0.27957711697913346","-0.04255319666528367","","","","","","","0.042451149874844926","0.21336812815135425","","","","","",""
"214","ACAGCACATGACGGAGGTTG","0.6155139729668035","73.08923278030686","-0.8122553038635847","20.832257585340113","0.5","0.2","-0.21232734883610743","","","-0.19736460624601293","","-0.31292820220612894","","","0.055901103503450136","","","0.4605270787507974","","0.14435332803473006","",""
"215","TCACAGCACATGACGGAGGT","0.6378658978059993","73.82195107799956","-0.9366252085341858","17.447569015372743","0.5","0.2","-0.666075971325163","","-0.3201909882684397","","","-0.7999084939920139","","-0.4348870493113234","0","","0.3919209843222507","","","0.04695726967755304","","0"
"216","CAGTCACAGCACATGACGGA","0.6987469288826322","75.7644899840021","-0.21426589661146742","41.51698555025645","0.5","0.2","","","","-0.7139599780719993","","0.061544954172505245","","","","","","0.35720800438560013","","0.21924795931045687","",""
"217","CGTCATGTGCTGTGACTGCT","0.47801541900114825","68.36803846711514","0.35813494089025616","63.98788340763218","0.5","0.2","","","-0.26402611199815096","","","","","","","","0.40315395957630845","","","","",""
"218","AAGCAGTCACAGCACATGAC","0.5798926043614183","71.90064783182957","0.17255894618827192","56.850093804290225","0.5","0.2","","","0.16937629335629936","","","","-0.7236335313960045","","","","0.4898344406471985","","","","0",""
"219","CAAGCAGTCACAGCACATGA","0.6235663585007126","73.35437950921371","-0.028407058453705825","48.86687473212495","0.5","0.2","0.2758079733295295","","","0.24172848701873825","","","","-0.6004071666709815","0.15352816793657753","","","0.5483456974037476","","","","0"
"220","CTACAAGCAGTCACAGCACA","0.6198322616900155","73.23158868987132","-0.9453979401115341","17.22278767247591","0.5","0.2","0.11057635640408559","","0.23566316733538145","0.3326730209345446","","","-0.4983694522949966","","0.12048184455148875","","0.503091815443015","0.5665346041869089","","","0",""
"221","TGCTGTGACTGCTTGTAGAT","0.42762809175587657","66.55390448369177","0.5862855962159467","72.11581956044651","0.5","0.2","","","","","","0.3562087704226789","","","","","","","","0.27818072256049164","",""
"222","GGCCATCTACAAGCAGTCAC","0.5681145819297101","71.50214165284267","-0.13442999950448248","44.653128037568734","0.5","0.2","","","-0.7321592998539889","","","","-0.017691624408334786","","","","0.3095273220051409","","","","0.06840240756662386",""
"223","CGCCATGGCCATCTACAAGC","0.5051855004336474","69.32857233492936","-0.24752594869873334","40.225060600529716","0.5","0.2","","","-0.24294845725999595","","","","","","","","0.40736949052393945","","","","",""
"224","GCTTGTAGATGGCCATGGCG","0.2863110655026111","61.26800581614743","0.32008445959621634","62.554784705587274","0.5","0.2","","","","","-0.354391309366232","","0.7028496218385251","","","","","","0.32142532689332226","","0.21251065681599585",""
"225","CTTGTAGATGGCCATGGCGC","0.30664758627629674","62.04441855797683","-0.02505015362555706","49.000747966720866","0.5","0.2","","","","-0.2194615761305846","","0.3862944938237986","","","","","","0.4561076847738831","","0.28419786724071555","",""
"226","CCGCGCCATGGCCATCTACA","0.6406559207240266","73.9126870621028","-1.1127824337402377","13.290094077854569","0.5","0.2","","","","","","-0.9572875606697989","","","","","","","","0.015481456341996047","",""
"227","GTAGATGGCCATGGCGCGGA","0.376326240605589","64.66628132369453","-0.5556004447054771","28.924201369089385","0.5","0.2","-0.09233465286926709","","0.2928903405153751","","","","","","0.07989964269681821","","0.5145372500790136","","","","",""
"228","GATGGCCATGGCGCGGACGC","0.4837612560157414","68.5722342786315","-1.0208298964913893","15.366751868975992","0.5","0.2","","","","","","-0.5172224036770832","","","","","","","","0.1034944877405392","",""
"229","ATGGCCATGGCGCGGACGCG","0.5011439193851834","69.18650803864014","-0.5902947922387282","27.74965150984714","0.5","0.2","","","","","-1.1200565924470194","","","","","","","","0.16829227027716478","","",""
"230","GGCCATGGCGCGGACGCGGG","0.39711574910018094","65.43589466443174","-0.6471062522240799","25.878158956042434","0.5","0.2","","","-0.6405323043244189","","","","","","","","0.3278527211110549","","","","",""
"231","GGCACCCGCGTCCGCGCCAT","0.6753524699190463","75.02740723342701","-0.9829645339689018","16.28124470970265","0.5","0.2","","-1.375628500736918","","","","","","","","0","","","","","",""
"232","CGGCACCCGCGTCCGCGCCA","0.6669976218789433","74.76131737712934","-1.0184432924104916","15.423366856007242","0.5","0.2","","","-0.5589397891135297","","","","","","","","0.3441712241532327","","","","",""
"233","GCGCGGACGCGGGTGCCGGG","0.480393458730714","68.45261776488152","-0.7367319015897981","23.06427013251638","0.5","0.2","","","","","-0.5708190223875061","","","","","","","","0.27813978428906744","","",""
"234","CGCGGACGCGGGTGCCGGGC","0.5257007770489147","70.04519380838603","-1.050939715623145","14.664313910905186","0.5","0.2","","","","-0.5651200472577826","","","","","","","","0.38697599054844345","","","",""
"235","GCGGACGCGGGTGCCGGGCG","0.46480529801143355","67.89645532970637","-0.843500816173593","19.947420474178063","0.5","0.2","","","0.0786824033389737","","","","","","","","0.4716956626437334","","","","",""
"236","CGGACGCGGGTGCCGGGCGG","0.5199416161052687","69.84478657940089","-1.042774867256401","14.85262870138271","0.5","0.2","","-0.7906706285822994","","","","","","","","0.06374464176795108","","","","","",""
"237","TTGATTCCACACCCCCGCCC","0.47509047711342883","68.26387571145325","0.3186241598372154","62.499423465335234","0.5","0.2","","0.47635228680098907","","","","","0.04938857899125983","","","0.31714922484460883","","","","","0.08181844824654277",""
"238","GTTGATTCCACACCCCCGCC","0.3645199044949424","64.22650934543029","0.267231362877355","60.53544850788578","0.5","0.2","","","0.424105133149666","","","","","-0.5931501092070824","","","0.5407802086058718","","","","","0"
"239","GTGTGGAATCAACCCACAGC","0.36649800820202216","64.30032506971067","-0.222637435637648","41.19088490923807","0.5","0.2","","","","","0.5716147160575321","0.13395905115661672","","","","","","","0.5066265319780752","0.23373077870727918","",""
"240","GAATCAACCCACAGCTGCAC","0.6048503987760843","72.73607985427132","-0.575970132016783","28.231768507910054","0.5","0.2","-0.22726148913744454","","","-0.37069449584428255","-0.020486479160091074","","","","0.05291427544318271","","","0.4258611008311435","0.38820629293455045","","",""
"241","AATCAACCCACAGCTGCACA","0.6427333507667217","73.98014316896291","-0.7031599483996819","24.097803802058877","0.5","0.2","","","0.09696451023935396","0.23811541483271648","","","","-0.5300143670192271","","","0.47535208402380946","0.5476230829665433","","","","0"
"242","ATCAACCCACAGCTGCACAG","0.718039191181397","76.36334388386668","-0.840341504518211","20.035846831492325","0.5","0.2","","-0.42619669637981017","0.24328442240732806","","","","-0.31312955608874876","","","0.13663942820844893","0.5046160664574043","","","","0.00931482123054106",""
"243","AACCCACAGCTGCACAGGGC","0.7940064057830002","78.64041489173165","-0.7357130902369744","23.09526607965958","0.5","0.2","","","","-0.3498629891068461","","-0.4480866611867153","","","","","","0.4300274021786308","","0.11732163623861276","",""
"244","ACCCACAGCTGCACAGGGCA","0.7457739953205542","77.20980243221564","-1.052587358950457","14.626507663052497","0.5","0.2","","","-0.04692044203048182","","-0.38665709925605507","","","","","","0.44657509356984226","","0.3149721689153577","","",""
"245","CAGCTGCACAGGGCAGGTCT","0.6540803381045339","74.34699759185325","-0.15021025035268168","44.02993695197589","0.5","0.2","","","","","","-1.0503010569565308","","-0.34950095642462276","","","","","","0","","0"
"246","AGCTGCACAGGGCAGGTCTT","0.6025998370716009","72.66125356072938","-0.6060563884106666","27.223865478094943","0.5","0.2","","","","","-1.0398835272214075","","-0.5976369126100387","","","","","","0.18432688332228717","","0",""
"247","CAAGACCTGCCCTGTGCAGC","0.6234498351110214","73.35055210346762","-0.2952895002873173","38.388636833465085","0.5","0.2","-0.2324819469250494","","0.3467738861535484","","","","","","0.05187018388566174","","0.5253139592066484","","","","",""
"248","GGCCAAGACCTGCCCTGTGC","0.44918405406390743","67.33505552221204","-0.8646670780223673","19.361077206016976","0.5","0.2","","","-0.7314768880575029","-0.06128282731604928","","0.47918567310468974","","","","","0.3096638043644381","0.48774343453679014","","0.3027761030968938","",""
"249","ACTGGCCAAGACCTGCCCTG","0.589812148293078","72.2341701385488","-0.664896169632663","25.30584529157726","0.5","0.2","","","","","","-0.6814192562132111","-0.301526617078401","","","","","","","0.07065511723331361","0.011635409032610608",""
"250","CAGGGCAGGTCTTGGCCAGT","0.46189264264537233","67.79208448167093","-0.8306712698248474","20.307968042100157","0.5","0.2","","","","","-0.728426371216727","","","","","","","","0.24661831452322328","","",""
"251","AGGGCAGGTCTTGGCCAGTT","0.5199110087503712","69.84371989513018","-0.7744322228899374","21.933761722069033","0.5","0.2","","","","-0.5835039357730577","","","","","","","","0.3832992128453885","","","",""
"252","TTTGCCAACTGGCCAAGACC","0.560783767635534","71.25275231231123","-0.9171972168433663","17.95196524870846","0.5","0.2","","","","","-0.6881793990377082","-0.7080118430634127","","","","","","","0.254667708959027","0.06533659986327328","",""
"253","GGCCAGTTGGCAAAACATCT","0.4102451686903814","65.91869450872522","0.4476391305739712","67.27931711293868","0.5","0.2","","","-0.8119703498838523","","","","","","","","0.2935651119991682","","","","",""
"254","GTTGGCAAAACATCTTGTTG","0.45916574390340237","67.69424259139646","-0.6273872923897862","26.520269776968004","0.5","0.2","","","","","-0.26371562029253137","-0.2959759991682353","-0.4984933932462961","-0.3740543701182297","","","","","0.3395604647080624","0.14774376864230876","0","0"
"255","TTGGCAAAACATCTTGTTGA","0.5233686961773909","69.96411480007669","-0.8107004397105124","20.876886039026125","0.5","0.2","","","","-0.20415293775128954","0.2601905608035306","0.37957393471441436","-0.13784352697712757","","","","","0.4591694124497421","0.4443417009272748","0.2828537554188387","0.044372027052865304",""
"256","TGGCAAAACATCTTGTTGAG","0.47352919740034866","68.20821622792097","-0.8614228438623993","19.4502599488358","0.5","0.2","","","-0.400800408974386","-0.006458715121527861","0.10323131920846576","0.1954715903396141","","-0.07397930258120784","","","0.37579910018106144","0.49870825697569443","0.41294985260826184","0.24603328654387865","","0.020680123472202668"
"257","CAAAACATCTTGTTGAGGGC","0.5492765988647431","70.85921778996406","-0.7141305543742115","23.757322700446526","0.5","0.2","-0.20827342376637986","-0.031200344507621224","0.32155103807364904","","0.30746923707307316","","","","0.05671188851739565","0.21563869858288676","0.5202693895906685","","0.4537974361811833","","",""
"258","AAAACATCTTGTTGAGGGCA","0.6088928431396949","72.87022658281323","-0.36031568249031254","35.93055364598568","0.5","0.2","0.3589463322657025","0.4562818854341847","","0.259953577058972","","","","","0.17015583972381212","0.3131351445712479","","0.5519907154117945","","","",""
"259","AAACATCTTGTTGAGGGCAG","0.5499351454142919","70.88180713333489","-0.11343727441266399","45.484194485443226","0.5","0.2","-0.11557036349034974","","0.04020613752863531","","","","","","0.07525250057260167","","0.4640004094816657","","","","",""
"260","AACATCTTGTTGAGGGCAGG","0.5409806797118201","70.57395502260646","0.7519414902399901","77.39568771846672","0.5","0.2","","-0.09437907573656082","","","","","","","","0.2030029523370988","","","","","",""
"261","TGTTGAGGGCAGGGGAGTAC","0.3447152564149133","63.48457762880161","0.005836509421155215","50.23284171585254","0.5","0.2","","","","-0.1150356297651989","","","","","","","","0.4769928740469602","","","",""
"262","CAGGGGAGTACTGTAGGAAG","0.304496434465594","61.96251456239161","-0.6653105206353797","25.29259514536545","0.5","0.2","","","","","-0.03094396494703152","","","-0.3799610755024842","","","","","0.3861147957771624","","","0"
"263","AGGGGAGTACTGTAGGAAGA","0.34644502565497504","63.549585394720076","-0.19618641964331018","42.22321285339704","0.5","0.2","","","","-0.17865605906058685","","","-0.5025463302222446","","","","","0.46426878818788264","","","0",""
"264","GGAGTACTGTAGGAAGAGGA","0.43680948229511807","66.88752391784163","0.03201208182902878","51.27687920349968","0.5","0.2","1.0644117605423282","","","-0.30325363473832057","","","","","0.3112489253791373","","","0.4393492730523359","","","",""
"265","GAGTACTGTAGGAAGAGGAA","0.4539098592468792","67.505314647078","0.21302636267475825","58.43467999240302","0.5","0.2","","","-0.321964666900906","","","","","-0.6474148724779677","","","0.39156624859575745","","","","","0"
"266","TGCACGGTCAGTTGCCCTGA","0.6114298581674241","72.95424795956029","-0.010415156607809326","49.58450287910326","0.5","0.2","","-0.4957209361032436","","","","","","-0.3587900132979961","","0.12273458026376227","","","","","","0"
"267","TTGCACGGTCAGTTGCCCTG","0.6486312483711643","74.17116236787244","-0.7258524646112634","23.396461005297827","0.5","0.2","","","-0.8678791645303161","","","","","","","","0.2823833490698754","","","","",""
"268","ACTTGCACGGTCAGTTGCCC","0.5465123540625889","70.76431010125788","-0.3100260621520033","37.82705687009594","0.5","0.2","","","","","-1.0028500324415761","","","","","","","","0.19173358227825343","","",""
"269","CAACTGACCGTGCAAGTCAC","0.5416641909909693","70.5975068762562","-0.13718132145829134","44.54437373194427","0.5","0.2","-0.3004048953282823","","","","0.1859361841318876","","","","0.038285594205015164","","","","0.4294908255929462","","",""
"270","CTGTGACTTGCACGGTCAGT","0.4395368583021123","66.98637094907735","-0.1787016068219009","42.908600371692664","0.5","0.2","","","","-0.20346582712524106","","","","","","","","0.4593068345749518","","","",""
"271","ACCGTGCAAGTCACAGACTT","0.5001305283612228","69.15084142844694","0.08965485530146194","53.57192541729987","0.5","0.2","","","","","","-0.9085031268752165","-0.2142374477849086","","","","","","","0.025238343100912525","0.029093242891309087",""
"272","GCCAAGTCTGTGACTTGCAC","0.431934008763","66.7105311845116","0.003712271966715941","50.148097884231866","0.5","0.2","","-0.8914348272549194","-0.03428570474443333","","","","","","","0.04359180203342711","0.449102041027052","","","","",""
"273","GTGCAAGTCACAGACTTGGC","0.45961483967937494","67.71036472073935","-0.30435745095394917","38.0427790124769","0.5","0.2","","","-0.5355312339582201","-0.12685188418868457","","","","-0.7895855765720176","","","0.3488529351842946","0.4746296231622631","","","","0"
"274","AGCCAAGTCTGTGACTTGCA","0.5137946861413825","69.63022282435884","-0.19515527669239266","42.26356949245257","0.5","0.2","","","0.03127142455585577","0.17904391020220228","","","","","","","0.4622134668871098","0.5358087820404405","","","",""
"275","GTCACAGACTTGGCTGTCCC","0.5219143297829256","69.91350097047496","-0.8426173925299805","19.972123034643225","0.5","0.2","","-1.0514056925828177","","-0.32949154028586614","","0.4844883315844809","","","","0.01159762896784744","","0.4341016919428268","","0.303836634792852","",""
"276","TTCTGGGACAGCCAAGTCTG","0.4152569691181631","66.1023100788913","-0.5000200535933464","30.853047858648843","0.5","0.2","","","","","","0.13938022132176087","","-0.6880087846946584","","","","","","0.234815012740308","","0"
"277","CAGACTTGGCTGTCCCAGAA","0.5922584078585285","72.31612185831702","0.9870910397375926","83.82009950098319","0.5","0.2","","0.6212606038095766","","","","","","","","0.3461308882463263","","","","","",""
"278","TCCCAGAATGCAAGAAGCCC","0.40649147570377264","65.78092404801173","-0.9956238098504595","15.971648082071221","0.5","0.2","","","-0.7811791361363463","","0.28740738548237316","-0.16466052979577916","","","","","0.2997233547486694","","0.44978506586304334","0.1740068625168","",""
"279","CAGAATGCAAGAAGCCCAGA","0.460908593579067","67.75679069841193","-0.0741384422115834","47.04501134759597","0.5","0.2","","0.7582520423841929","0.30505779258053717","","","","-0.34430606326937363","-0.15430813553145784","","0.37352917596124957","0.516970740492046","","","","0.0030795197944160912","0.00461435688215267"
"280","AGAATGCAAGAAGCCCAGAC","0.4853503450118214","68.62860755956584","-0.11439195846767876","45.44635441825774","0.5","0.2","1.3471831585506686","0.16188955856478618","","","","-0.26595659663218285","0.11860252302401016","","0.3678032049808053","0.2542566791973682","","","","0.15374764914951927","0.09566123705309285",""
"281","CAAGAAGCCCAGACGGAAAC","0.47521487723747224","68.26830879107801","-0.7209605515132115","23.546689306209124","0.5","0.2","0.5428945171690305","","0.8261545126114863","0.5955961538915397","","","","","0.20694547670447772","","0.6211900844982359","0.619119230778308","","","",""
"282","GAAGCCCAGACGGAAACCGT","0.5954999977444229","72.42453496917692","-1.0613287702356928","14.427025763818458","0.5","0.2","-0.4351052185579953","","","","","-0.6425224488010358","","0.25975961100511885","0.011345529559072559","","","","","0.07843447871574866","","0.08742790618946801"
"283","GCCCAGACGGAAACCGTAGC","0.4774730807856918","68.34873573973864","-1.0980404278943234","13.609341814731907","0.5","0.2","","","-0.8279152772306456","","0.49097927950424625","","","","","","0.2903761265298095","","0.4904994446674179","","",""
"284","GCAGCTACGGTTTCCGTCTG","0.5878083057688323","72.16695157846141","-0.17181240682876756","43.17925056669589","0.5","0.2","-0.6502335798763529","","","","-0.2626494766996756","","","","0","","","","0.33977369342663355","","",""
"285","GGCAGCTACGGTTTCCGTCT","0.6156732148246379","73.09448905636178","-0.3968659136318279","34.57331706938373","0.5","0.2","","-0.7081131546758516","","","","-0.3385253130157507","","","","0.08025613654924066","","","","0.1392339058728057","",""
"286","GGGCAGCTACGGTTTCCGTC","0.620879779343645","73.26606367713839","-0.5346904352384599","29.643196826557304","0.5","0.2","","","-0.5289523002011038","","","","-0.10200498560164639","","","","0.3501687219357179","","","","0.051539735327961536",""
"287","GACGGAAACCGTAGCTGCCC","0.40923262030321983","65.8815521172361","-0.8331663426453169","20.2375460897179","0.5","0.2","","","","-0.03110253951604791","-0.23206752629253347","-0.5011354643665026","","","","","","0.4937794920967904","0.345890083508062","0.10671187560265531","",""
"288","ACGGAAACCGTAGCTGCCCT","0.3787891251138211","64.75777682101666","-0.7788365342771671","21.80380067404825","0.5","0.2","","","-0.0774247208786041","-0.24959487484610932","-0.3109780441025419","","","","","","0.4404742378002178","0.4500810250307781","0.3301079799460603","","",""
"289","ACCAGGGCAGCTACGGTTTC","0.4953406999416903","68.9820176984049","-0.8465553939843015","19.862149281533252","0.5","0.2","","-0.27497347787082865","","","","","-0.44878339661721645","","","0.16688407191024526","","","","","0",""
"290","AAACCTACCAGGGCAGCTAC","0.6550577381968016","74.37847097211294","0.09037741268393412","53.60063473529735","0.5","0.2","0.1641691472456041","","","","0.24958225333033876","","","-0.40572496352498855","0.13120040271979244","","","","0.44222003943263644","","","0"
"291","AAAACCTACCAGGGCAGCTA","0.6977530621837883","75.73341811374783","-0.009562226423304515","49.61852817189348","0.5","0.2","0.2680756340008583","0.17169048227861303","","","","0.10574883536751835","","","0.15198170007084327","0.2562168639401336","","","","0.2280887355494595","",""
"292","CCCAGAAAACCTACCAGGGC","0.3911781376881586","65.21672164984807","-0.8141908163631925","20.776782285361417","0.5","0.2","","-0.07715680879487398","","0.317345817376154","-0.025299217283675336","-0.38435875874742664","-0.14456146713178478","","","0.20644740572543618","","0.5634691634752308","0.38724374530983363","0.13006721672647048","0.04302843902193386",""
"293","CTTCCCAGAAAACCTACCAG","0.5851221486325278","72.07672064398555","-0.7745239887862091","21.931049389656","0.5","0.2","","","","","-0.07714076258433175","","0.5720961308385315","-0.6409736471888646","","","","","0.3768754362497023","","0.18635995861599713","0"
"294","CCTTCCCAGAAAACCTACCA","0.5845808918836175","72.05852204770342","-0.26040646207151524","39.72751294245816","0.5","0.2","","","","","","-0.35286959630049197","","0.9532052924808877","","","","","","0.13636504921585743","","0.22611704248462178"
"295","TTCTGGGAAGGGACAGAAGA","0.3483861083157026","63.62248830914423","-0.4239159925526809","33.581354022260555","0.5","0.2","","","","","","0.47690530778800816","-0.368187762799445","","","","","","","0.30232003003355745","0",""
"296","GGGAAGGGACAGAAGATGAC","0.35153731247843123","63.74073574511366","-0.8633103244457825","19.398343458782012","0.5","0.2","","-0.14992867952331412","-0.18723700776070618","","","","0.4940491293444109","","","0.19189303157974816","0.41851178042379744","","","","0.170750558317173",""
"297","GGAAGGGACAGAAGATGACA","0.35467596169045157","63.85838192741629","-0.8052818726529205","21.032851998327985","0.5","0.2","0.6173832333396406","0.10289089833239194","","","","0.2118647050241988","","-0.22300710350478245","0.22184321993859973","0.2424569471508894","","","","0.2493119094807956","","0"
"298","GAAGGGACAGAAGATGACAG","0.4996464348240014","69.13379722339631","-0.8513740097782981","19.728081224779736","0.5","0.2","-0.2513267968495739","","","","0.10032881938429701","","0.20081658558074364","","0.04810121390075685","","","","0.4123693526434281","","0.11210404956443955",""
"299","AAGGGACAGAAGATGACAGG","0.4739842718572412","68.2244438473309","-0.8488993612267651","19.796864716936952","0.5","0.2","","","","-0.03425776469371935","","-0.2648493847223406","","1.479498824319439","","","","0.49314844706125616","","0.15396909153148772","","0.33137574885233206"
"300","GACAGAAGATGACAGGGGCC","0.36122449291222547","64.10341830901957","-0.8889256808208209","18.70215113380539","0.5","0.2","","-0.14948830844944377","","0.013610660096086922","0.09125723475359576","","1.479890960964546","","","0.19198110579452224","","0.5027221320192173","0.41055503571728785","","0.3679189246412",""
"301","ACAGAAGATGACAGGGGCCA","0.3236788100447372","62.69093924635361","-0.7222823731828946","23.506044393139558","0.5","0.2","-0.0730166200883512","","0.08689381898368208","0.069086805609356","","0.9163172568563649","","","0.08376324925300138","","0.4733379457726751","0.5138173611218712","","0.3902024198472288","",""
"302","AGAAGATGACAGGGGCCAGG","0.3649151980567099","64.24126454605353","-0.3843796116994549","35.034855477281354","0.5","0.2","0.8747490914852553","0.0768632804195462","","0.1959514012817235","","","0.6305713843009336","","0.2733163915677227","0.23725142356832024","","0.5391902802563447","","","0.19805500930847753",""
"303","GAAGATGACAGGGGCCAGGA","0.34836858572366625","63.6218304181294","-0.5339245706979507","29.66968608784699","0.5","0.2","0.5784448784040123","","0.3652570550119237","","","0.41849526461358977","","-0.38931950964253115","0.21405554895147408","","0.5290105929783234","","","0.2906380213986738","","0"
"304","AAGATGACAGGGGCCAGGAG","0.3762284377829965","64.66264622052462","-0.34943120795194577","36.33828037846121","0.5","0.2","","0.3648254053528311","","","0.3514511583587768","","-0.1473245556173237","","","0.2948438485549772","","","0.46259382043832403","","0.04247582132482608",""
"305","AGATGACAGGGGCCAGGAGG","0.3918164274927647","65.24030718761477","-0.6147661109940797","26.93545963579791","0.5","0.2","-0.14253092189305727","","","-0.2877916434002835","","-0.5633835068328903","","","0.06986038889206017","","","0.4424416713199433","","0.09426226710937777","",""
"306","GATGACAGGGGCCAGGAGGG","0.3972951288207058","65.44250804658354","-0.9830130603553563","16.280050540653995","0.5","0.2","","","-0.5485154481911937","","-0.6458518740023093","","","","","","0.34625609233769994","","0.2631332139661068","","",""
"307","GACAGGGGCCAGGAGGGGGC","0.3999907043942037","65.5418318309909","-1.0371609898184309","14.983041756427816","0.5","0.2","","0.15632943782676328","","","","","","","","0.25314465504976363","","","","","",""
"308","AGGGGCCAGGAGGGGGCTGG","0.4852813312723941","68.62616018400884","-0.8625105247064222","19.420332199506596","0.5","0.2","","","","","","-0.614767135020351","","","","","","","","0.08398554147188564","",""
"309","GGCCAGGAGGGGGCTGGTGC","0.3241859202915631","62.710135952413246","-0.8961688636632066","18.50812912102726","0.5","0.2","","","-0.8303879843527723","","","0.7355399349412267","","","","","0.2898815851053842","","","0.3540469554642012","",""
"310","GCCAGGAGGGGGCTGGTGCA","0.30255684469837096","61.888619664081425","-1.2504927166571163","10.555980713156826","0.5","0.2","","-0.4522437390967358","","","-0.6322577496512178","","","","","0.13143001966506382","","","0.26585203883632513","","",""
"311","CCAGGAGGGGGCTGGTGCAG","0.2850094428650968","61.21815462621514","-0.8429518191483639","19.962769531835338","0.5","0.2","-0.6693755513931068","","","-0.54628820662636","","","","","0","","","0.390742358674728","","","",""
"312","CAGGAGGGGGCTGGTGCAGG","0.26676032718364734","60.51731490285226","-0.8492600193367098","19.78683112499416","0.5","0.2","","","-0.21781604393983506","","","","","","","","0.4123959731879716","","","","",""
"313","GCTCCTACACCGGCGGCCCC","0.4768673965697043","68.32717251299714","0.10991650553839896","54.37622038333234","0.5","0.2","","","","","-0.10292014125430882","","-0.021049383451637895","","","","","","0.3717195605157069","","0.06773085575796324",""
"314","GCCACGGGGGGAGCAGCCTC","0.5748468486861102","71.73025603465166","-0.8293249323173434","20.346028319628438","0.5","0.2","","-1.2097417329052247","","","","","","","","0","","","","","",""
"315","CCAGAGGCTGCTCCCCCCGT","0.46692626046348734","67.97236818309136","-0.7367205882879263","23.0646141966459","0.5","0.2","-0.6754062094314349","","0.09283650963381326","","","","","","0","","0.4745264839027013","","","","",""
"316","GCCAGAGGCTGCTCCCCCCG","0.4489245447552333","67.32569553369954","-0.8305013493595749","20.312769262045116","0.5","0.2","","-0.696212295711603","","0.3455948640269779","","","","","","0.08263630834209038","","0.5691189728053956","","","",""
"317","ATGCCAGAGGCTGCTCCCCC","0.5647749507500992","71.38865765076316","-0.8099029638174374","20.899797414821602","0.5","0.2","","","","-0.3661028734431816","","0.5574729822694282","","","","","","0.4267794253113637","","0.3184335649298415","",""
"318","GCTCCCAGAATGCCAGAGGC","0.5592401789292129","71.20010922611054","-0.88440435401088","18.82389867142781","0.5","0.2","","","","","-0.2580869122983282","","0.5257458109417891","-0.4398734906823487","","","","","0.34068620630690305","","0.17708989463664865","0"
"319","GATGAAGCTCCCAGAATGCC","0.4547528861516313","67.53564857213911","-0.8430734775314667","19.9593675498811","0.5","0.2","","","0.4736072885766679","-0.08893041046010959","","","","","","","0.5506806396912722","0.4822139179079781","","","",""
"320","GGCATTCTGGGAGCTTCATC","0.5131094507527502","69.6062619501593","0.4103191215438111","65.92140664991176","0.5","0.2","","-0.8201186396186388","","","","","","","","0.05785503956068322","","","","","",""
"321","TCCAGATGAAGCTCCCAGAA","0.3774173839356119","64.70682750087533","-0.3590339597590612","35.978484223467674","0.5","0.2","","-0.396076552775464","","0.5575237358345421","","","1.1455879192341103","0.48822570772971585","","0.1426634569293182","","0.6115047471669084","","","0.30105831629511287","0.1331211255343874"
"322","GAAGACCCAGGTCCAGATGA","0.5859587236667607","72.10483734579117","-0.8327901606739606","20.248154244037558","0.5","0.2","-0.24298636402110266","","0.12875774447361946","","","","-0.3775995190713203","","0.04976930046645109","","0.4817107308706625","","","","0",""
"323","ACTGAAGACCCAGGTCCAGA","0.3878566954936749","65.09389568438745","-0.6577392406951695","25.53528513339228","0.5","0.2","","","0.5528840687259796","0.21663221257340534","","0.9036101578338274","","","","","0.5665359957211346","0.5433264425146811","","0.3876610000427213","",""
"324","TTCACTGAAGACCCAGGTCC","0.5245807724992754","70.00626720355221","-0.12125889815433817","45.17429871246721","0.5","0.2","","-0.9144470922216417","","","","0.6805659493991943","-0.16735881687993942","","","0.03898934904008264","","","","0.3430521583557947","0.038468969072302926",""
"325","ATTGAACAATGGTTCACTGA","0.4719600581887381","68.15223507787718","-0.5515691212042597","29.06217986709273","0.5","0.2","","","0.34373961688495963","0.04134842953226764","","-0.31070506449465246","-0.043528884250942756","","","","0.5247071053529306","0.5082696859064535","","0.14479795557702535","0.06323495559810226",""
"326","AGTGAACCATTGTTCAATAT","0.5354662489072355","70.3836254917501","-0.39088681089986854","34.79404516596144","0.5","0.2","","","0.25207887564647313","0.050174249520144126","","","0.0720991597361844","","","","0.5063749571052333","0.5100348499040288","","","0.0863605643955277",""
"327","GATATTGAACAATGGTTCAC","0.3654982973102514","64.26302612095421","0.6672100484988455","74.7681013250381","0.5","0.2","","0.4630126830748098","","","","0.9321795075614148","-0.17373163370198827","","","0.31448130409937297","","","","0.3933748699882388","0.03719440570789316",""
"328","AACCATTGTTCAATATCGTC","0.5060234188369997","69.35798952330872","0.6872988616874857","75.4052791994236","0.5","0.2","","","-0.11811981041288104","","","","","","","","0.43233521989336243","","","","",""
"329","ACCATTGTTCAATATCGTCC","0.41672307325677327","66.15595122187919","1.1651319461387668","87.80172063134823","0.5","0.2","","-0.26326935753669983","","","","","","","","0.16922489597707102","","","","","",""
"330","CCCGGACGATATTGAACAAT","0.5146259580227031","69.65927888646762","-0.817722064796999","20.675795416707487","0.5","0.2","","","","0.39097374507522376","","","0.6709937690967761","","","","","0.5781947490150448","","","0.20613948626764605",""
"331","GATGATTTGATGCTGTCCCC","0.3188777806988625","62.50904030565911","0.9049752262625708","81.72607440834427","0.5","0.2","","","0.22134628741106954","","","","","0.8154468598815819","","","0.5002284394581525","","","","","0.19856535596476063"
"332","GGATGATTTGATGCTGTCCC","0.31516935254516276","62.36834631188265","0.30005808148344926","61.793357356604325","0.5","0.2","0.33359917684208124","","","0.27842879107573887","","","","","0.16508640863908786","","","0.5556857582151478","","","",""
"333","GACAGCATCAAATCATCCAT","0.6381160295538796","73.8300923620063","-0.6200048818427302","26.76272864470893","0.5","0.2","","-0.14658687756932515","","","-0.1966650244911768","","","-0.30840706178453925","","0.19256139197054595","","","0.3529705838683333","","","0"
"334","AGCAATGGATGATTTGATGC","0.40807426562738264","65.8390423697031","-0.009466185788350845","49.622359465475476","0.5","0.2","","-0.35600704193363036","0.1156859562483885","","","","1.5526762257072697","","","0.15067735909768493","0.4790963732256164","","","","0.3824759775897448",""
"335","GCATCAAATCATCCATTGCT","0.5568824558490535","71.11961289290912","-0.6217359693497291","26.70577479070107","0.5","0.2","-0.4449715641350231","","","-0.4892014906745396","0.09011417992132686","0.2226370484383199","","","0.009372260443667","","","0.4021597018650921","0.41032642475083403","0.25146637816361983","",""
"336","CATCAAATCATCCATTGCTT","0.5336429733114696","70.32057146672197","-0.8070862857890969","20.980838637368652","0.5","0.2","","","-0.20177857105944053","0.22192188233020574","0.1424727948218614","","","-0.4966319137802744","","","0.41560346776405055","0.5443843764660412","0.42079814773094093","","","0"
"337","ATCAAATCATCCATTGCTTG","0.535207035675912","70.37466491386097","-0.37784182526823584","35.27740504262088","0.5","0.2","","-0.08969679718150428","0.5584249822540802","0.3902726231321741","","","0.06425629340989182","","","0.20393940804811014","0.5676441784267547","0.5780545246264348","","","0.08479199113026918",""
"338","CCAAGCAATGGATGATTTGA","0.4713205732368742","68.12940869167251","-0.9038159670383041","18.304649685001163","0.5","0.2","-0.493717619909451","0.09386458427371162","","","-0.53878339368316","-0.2824851375211963","","","0","0.24065168433915332","","","0.2845469100299367","0.15044194097171656","",""
"339","GTCCCAAGCAATGGATGATT","0.5919913957992368","72.30718249610722","-0.9744924003095536","16.490605536101654","0.5","0.2","","","","-0.5456477466781561","0.18287021579447765","","","-0.6510912951188205","","","","0.39087045066436876","0.4288776319254642","","","0"
"340","ATCCATTGCTTGGGACGGCA","0.5375893637429096","70.4569712554293","0.3819112798074154","64.87364133638202","0.5","0.2","","","0.2736139225098991","","","","","","","","0.5106819664779185","","","","",""
"341","TCCATTGCTTGGGACGGCAA","0.4625192595527548","67.81455029062067","0.1047106092548497","54.16972783614349","0.5","0.2","","-0.5305949558523073","","","","","","","","0.11575977631394951","","","","","",""
"342","CTTGGGACGGCAAGGGGGAC","0.35509385506213986","63.87403599866235","-0.6470535217408293","25.879865233209287","0.5","0.2","","","","","-0.4159461173584493","","","","","","","","0.3091143652948788","","",""
"343","GGGACGGCAAGGGGGACTGT","0.5518447147635568","70.94726256212124","-0.9476556801308951","17.165238517539944","0.5","0.2","","-0.473692709289474","","","","","-0.38956457663381305","-0.31527760622128825","","0.12714022562651617","","","","","0","0"
"344","ACGGCAAGGGGGACTGTAGA","0.42877633026101675","66.59569970768946","-1.0687603362326294","14.258883805102467","0.5","0.2","","","","-0.608191445562623","-0.31886322400361194","","","","","","","0.3783617108874754","0.32853094396584626","","",""
"345","CGGCAAGGGGGACTGTAGAT","0.3922078024413013","65.25476602291855","-1.0782482241503155","14.04614981046588","0.5","0.2","","","-0.761116136457433","-0.2621761737964207","","","","","","","0.303735954684452","0.44756476524071587","","","",""
"346","GGCAAGGGGGACTGTAGATG","0.3498075443771752","63.67584316290822","-0.7768985048582618","21.860932672069556","0.5","0.2","","-0.8744378763188735","-0.2573778512823501","","","","","","","0.046991192220636274","0.4044836117194686","","","","",""
"347","GGGACTGTAGATGGGTGAAA","0.45991474241617114","67.72112910306024","0.33454108053212384","63.10143515106772","0.5","0.2","","-0.024829264352470987","","","","","-0.19818142722401058","","","0.2169129146139168","","","","","0.032304447003488695",""
"348","ACAACGTTCTGGTAAGGACA","0.5745363211431723","71.71975353002303","0.5435769253921143","70.66336790203975","0.5","0.2","-0.20530623847712823","0.09664612782623722","","","","","","","0.05730532557524597","0.24120799304965843","","","","","",""
"349","TGAAAACAACGTTCTGGTAA","0.5075597114188333","69.41189245318175","-0.7925026885547285","21.403381236821783","0.5","0.2","0.589337622544233","-0.03265571008849737","0.3725050630258113","0.2492561192223077","","-0.020518771998668407","-0.017879351637915188","","0.21623409777951824","0.21534762546671152","0.5304601945811009","0.5498512238444615","","0.20283521407622215","0.06836486212070778",""
"350","CTGAAAACAACGTTCTGGTA","0.4196342198699361","66.26236570635304","-0.8434496984915618","19.948849340837604","0.5","0.2","","0.2203891114677714","0.1605155141023286","0.1052598765340164","0.40234636823646924","","-0.23440558966339153","0.0048215129571065","","0.26595658977796527","0.48806228479640434","0.5210519753068033","0.4727728624138625","","0.025059614515612505","0.03644028657986554"
"351","CTTCCTGAAAACAACGTTCT","0.5257785474813383","70.04789592822462","0.08145688096864459","53.2460692560352","0.5","0.2","","","","","","0.3448485472288914","-0.6130302180391388","-0.5264894592228592","","","","","","0.2759086779217341","0","0"
"352","TTCAGACTTCCTGAAAACAA","0.553431101803898","71.00158766283637","-0.5377099311292457","29.53886609569331","0.5","0.2","","-0.5471999375415979","","0.5192074412715545","","","","","","0.1124387799760914","","0.6038414882543109","","","",""
"353","TTCAGGAAGTCTGAAAGACA","0.3612376181517465","64.1039088578236","-0.842483054724709","19.97588104063916","0.5","0.2","","-0.45942329518765734","","","0.4824034293095764","-0.21831245792757248","","","","0.12999410844687953","","","0.48878427462848395","0.16327647689044134","",""
"354","CAGGAAGTCTGAAAGACAAG","0.3568878261718085","63.941210817392225","-0.1712893926289105","43.19981103302312","0.5","0.2","","","0.2652415677173173","-0.34075923816063747","","","","","","","0.5090074955194022","0.4318481523678725","","","",""
"355","ACTCACAGTTTCCATAGGTC","0.6044487646340919","72.72273384524392","-0.6121436687217725","27.02213537948414","0.5","0.2","","","-0.4414654627295781","","-0.17840301780251902","","","","","","0.36766608943002305","","0.3566229852060649","","",""
"356","TCAGACCTATGGAAACTGTG","0.4751310138618144","68.26532029372396","-0.7493585192103984","22.682057271782476","0.5","0.2","-0.7094597681673939","","0.18118125134821017","","","","-0.22513345892396872","","0","","0.4921954322455807","","","","0.02691404066349707",""
"357","TTTCAGACCTATGGAAACTG","0.5357647240385931","70.39394174888773","-0.7775133812662173","21.84279713996634","0.5","0.2","","","-0.5408142285477909","","0.4771695876280422","","","","","","0.34779633626638046","","0.4877375062921771","","",""
"358","AGTTTCCATAGGTCTGAAAA","0.5266884885585005","70.07950345679626","0.9040538611235005","81.70165789927913","0.5","0.2","","","","","","-0.14131303219906996","","0.43981519730419416","","","","","","0.17867636203614184","","0.12343902344928306"
"359","CTGAAAATGTTTCCTGACTC","0.34857142190744694","63.62944571809762","-0.6240638847515897","26.629281537397194","0.5","0.2","","0.4084426141974684","0.15503307035997335","-0.25594776428950633","0.280536405224517","","","","","0.30356729032390467","0.48696579604793333","0.4488104471420987","0.4484108698114721","","",""
"360","GAAAATGTTTCCTGACTCAG","0.330362232033817","62.94368622660441","0.5111295298136977","69.5369820197161","0.5","0.2","-0.2344131003267504","-0.02748665259952077","0.1966557493683465","","","","","","0.05148395320532154","0.21638143696450685","0.49529033184960797","","","","",""
"361","AAAATGTTTCCTGACTCAGA","0.38855700028661483","65.1198059627209","1.3052490916216668","90.40959786014793","0.5","0.2","0.4375715825340845","0.6452383900386259","","","","","","","0.1858808897774885","0.35092644549213614","","","","","",""
"362","CTGACTCAGAGGGGGCTCGA","0.6026292093906308","72.66223078113627","-0.18551552896601728","42.64123506572487","0.5","0.2","","0.09508520810264852","","","","-0.8429359218112598","","1.3428949432688222","","0.24089580910494068","","","","0.03835178411370388","","0.3040549726422087"
"363","GTCGAGCCCCCTCTGAGTCA","0.5634222418471829","71.34263023727819","-0.9040467196710804","18.29853143125868","0.5","0.2","","","0.2231150714116962","","","","","","","","0.5005821962582779","","","","",""
"364","CGTCGAGCCCCCTCTGAGTC","0.6018538063831377","72.63642723718908","-0.3654537623162487","35.73863578527063","0.5","0.2","","","","0.5124859347169424","","","","","","","","0.6024971869433885","","","",""
"365","CTCAGAGGGGGCTCGACGCT","0.3715002017468316","64.48674971441974","-1.0854017974518488","13.88718683231071","0.5","0.2","","-0.2627941540203618","","-0.0015250401525490078","","","","","","0.16931993668033862","","0.4996949919694902","","","",""
"366","TCCTAGCGTCGAGCCCCCTC","0.48659153441260533","68.67260880068153","-0.2908293801126068","38.55909070092577","0.5","0.2","","","0.1403270743865369","","","","","","","","0.48402459685324606","","","","",""
"367","GCTCGACGCTAGGATCTGAC","0.6154106349553956","73.08582151005707","-0.8590646922612973","19.515241279922368","0.5","0.2","","","","-0.08164312559434327","","","","","","","","0.4836713748811313","","","",""
"368","TCGACGCTAGGATCTGACTG","0.6181259011734802","73.17538250647067","-0.5701058631850262","28.43029493496165","0.5","0.2","","0.09898051768935673","","","","","0.5284466053778349","","","0.24167487102228233","","","","","0.1776300535238578",""
"369","CCGCAGTCAGATCCTAGCGT","0.5375449768396098","70.45543870760102","-0.26440997549675377","39.573201282057305","0.5","0.2","","","-0.28451783215645826","","","","-0.5311997370199543","","","","0.39905561554464697","","","","0",""
"370","GAGCCGCAGTCAGATCCTAG","0.6772169413754295","75.08658398081755","-0.7803034612334673","21.76061379887622","0.5","0.2","","","","","","-0.7539264568660098","","","","","","","","0.056153677102753874","",""
"371","AGGAGCCGCAGTCAGATCCT","0.6307864834009776","73.59099287843851","-0.9814922030958161","16.317503873312276","0.5","0.2","","-0.02563859287535085","","","","","","-0.579510933138523","","0.21675104890934083","","","","","","0"
"372","ATCTGACTGCGGCTCCTCCA","0.5982783791992201","72.51728997226891","-0.16176408917720597","43.574581660356145","0.5","0.2","","","","0.30726894152126893","","","","","","","","0.5614537883042537","","","",""
"373","TCTGACTGCGGCTCCTCCAT","0.56502757296981","71.39724950716166","-0.30032036528823947","38.1966400267017","0.5","0.2","","","-0.051687205606782936","","","","","","","","0.44562174085458206","","","","",""
"374","GCCATGGAGGAGCCGCAGTC","0.3606620726537889","64.0823959687023","-0.4338370852459515","33.22033746259901","0.5","0.2","","-0.7292451769119097","","","","0.6055453143922185","","","","0.07602973210202904","","","","0.3280480313543995","",""
"375","CACTGCCATGGAGGAGCCGC","0.5641792158229408","71.36839144030037","-0.41338204608105894","33.966336329692346","0.5","0.2","","","","","","-0.5188127560594813","","","","","","","","0.10317641726405957","",""
"376","CTCCTCCATGGCAGTGACCC","0.570622014012783","71.58720536251951","-0.35557267638963136","36.10803045570084","0.5","0.2","","","","","","-0.788835164800035","","","","","","","","0.04917193551594881","",""
"377","CTCCATGGCAGTGACCCGGA","0.5312382207413641","70.23731448396771","-0.41520697926858624","33.89951950316068","0.5","0.2","","","-0.2547317666146938","","","","","-0.6305023551848501","","","0.40501282865299987","","","","","0"
"378","TCCATGGCAGTGACCCGGAA","0.4631097268642299","67.83571408716197","-0.469166548742424","31.94752969659277","0.5","0.2","","-0.3091122770002811","","","","","-0.16936504286562204","","","0.16005631208435478","","","","","0.0380677238751664",""