peg_id,LFC,HGVSp
peg_55,0.92115,R273C
peg_137,0.70233,R248W
peg_178,-0.15781,Y220C
peg_219,-1.2451,G245S
peg_454,-0.76625,H179R
peg_455,-2.8297,H179R
peg_456,-0.86634,H179R
peg_463,0.32724,H179R
peg_464,-1.0563,H179R
peg_465,-1.6446,H179R
peg_509,-1.1605,G245D
peg_829,1.7069,V173M
peg_831,0.21368,V173M
peg_832,-0.41665,V173M
peg_833,0.47975,V173M
peg_834,-1.598,V173M
peg_835,0.64021,V173M
peg_836,-1.1535,V173M
peg_837,-0.10837,V173M
peg_838,-0.46942,V173M
peg_840,-0.18434,V173M
peg_852,0.78231,V173M
peg_859,1.4151,V173L
peg_860,-1.3696,V173L
peg_861,-0.35554,V173L
peg_862,0.65155,V173L
peg_863,-0.85234,V173L
peg_864,1.5502,V173L
peg_865,-0.35913,V173L
peg_866,0.007546,V173L
peg_867,-0.31496,V173L
peg_868,-0.58411,V173L
peg_869,-1.9665,V173L
peg_870,1.0397,V173L
peg_880,-0.27574,V173L
peg_881,1.5228,V173L
peg_882,2.3831,V173L
peg_974,-2.1841,P278S
peg_1145,0.85584,G266E
peg_1165,1.7833,G266E
peg_1173,1.5195,V272M
peg_1184,1.6528,V272M
peg_1503,1.3315,W53Ter
peg_1507,0.94279,W53Ter
peg_1516,1.4146,W53Ter
peg_1765,1.5515,E271K
peg_1834,-0.12658,G244D
peg_1841,1.1644,G244D
peg_1842,0.55447,G244D
peg_1843,0.74743,G244D
peg_1844,0.32917,G244D
peg_1846,-0.10153,G244D
peg_1847,0.44139,G244D
peg_1848,-0.57436,G244D
peg_1850,1.5479,G244D
peg_2118,-0.2373,M246V
peg_2119,0.5093,M246V
peg_2120,0.77672,M246V
peg_2121,-0.38111,M246V
peg_2122,0.61999,M246V
peg_2123,1.7717,M246V
peg_2124,0.46366,M246V
peg_2125,-2.1986,M246V
peg_2126,-0.43975,M246V
peg_2127,0.23122,M246V
peg_2128,0.12003,M246V
peg_2129,-0.33059,M246V
peg_2130,-0.8304,M246V
peg_2131,0.46001,M246V
peg_2132,-0.37831,M246V
peg_2133,-1.6861,M246V
peg_2134,-0.5491,M246V
peg_2135,-0.35563,M246V
peg_2136,0.40834,M246V
peg_2137,0.01051,M246V
peg_2138,-0.75791,M246V
peg_2139,1.6729,M246V
peg_2140,1.9878,M246V
peg_2141,0.96546,M246V
peg_2180,0.39763,G244C
peg_2181,1.6553,G244C
peg_2182,1.3897,G244C
peg_2183,-0.072084,G244C
peg_2184,1.1274,G244C
peg_2185,1.4967,G244C
peg_2186,0.61305,G244C
peg_2188,3.1365,G244C
peg_2329,1.4146,R110P
peg_2331,-0.90037,R110P
peg_2336,-2.2263,R110P
peg_2337,-3.7655,R110P
peg_2339,0.29278,R110P
peg_2342,-0.28201,R110P
peg_2343,0.81138,R110P
peg_2344,-2.0741,R110P
peg_2390,0.82859,G266V
peg_2410,1.9287,G266V
peg_2413,2.4905,G266V
peg_2497,-0.25598,V172F
peg_2498,1.3712,V172F
peg_2548,-0.8726,R249G
peg_2549,0.33737,R249G
peg_2550,-0.1404,R249G
peg_2562,-0.50669,R249G
peg_2563,0.13322,R249G
peg_2638,0.018149,G244S
peg_2643,0.11084,G244S
peg_2646,0.77066,G244S
peg_2647,1.2096,G244S
peg_2648,2.0635,G244S
peg_2650,0.36443,G244S
peg_2651,1.2372,G244S
peg_2652,0.58004,G244S
peg_2653,0.10743,G244S
peg_2654,2.5226,G244S
peg_2695,2.5804,E349Ter
peg_2696,1.4447,E349Ter
peg_2701,1.5327,E271Ter
peg_2702,1.3411,E271Ter
peg_2705,1.5483,E271Ter
peg_2706,1.32,E271Ter
peg_2709,2.0365,E271Ter
peg_2711,1.1277,E271Ter
peg_2864,1.9528,E198Ter
peg_2865,2.1698,E198Ter
peg_3155,-1.5093,H179L
peg_3368,0.76958,G266Ter
peg_3370,1.3306,G266Ter
peg_3371,2.4531,G266Ter
peg_3372,1.6744,G266Ter
peg_3387,1.8971,G266Ter
peg_3390,2.7434,G266Ter
peg_3393,2.5456,G266Ter
peg_3464,-1.2793,R175G
peg_3506,2.0721,D281E
peg_3621,2.8405,E258Ter
peg_3910,-3.9403,C176R
peg_3911,-1.1592,C176R
peg_3933,-1.1594,E171Ter
peg_3949,0.047275,E171Ter
peg_3950,0.14567,E171Ter
peg_3955,1.7777,E171Ter
peg_3969,-2.8977,H179Q
peg_3970,-1.5434,H179Q
peg_3971,-2.0396,H179Q
peg_3975,-1.6599,H179Q
peg_3976,-1.5393,H179Q
peg_3977,-1.0433,H179Q
peg_3993,2.0994,Y163H
peg_3994,2.3014,Y163H
peg_4127,1.4982,R273P
peg_4130,1.7043,R273P
peg_4135,1.2346,R273P
peg_4137,0.98809,R273P
peg_4143,1.7896,R273P
peg_4144,0.76066,R273P
peg_4147,1.7948,R273P
peg_4344,2.6096,R249T
peg_4345,1.459,R249T
peg_4348,2.0133,R249T
peg_4351,-0.089197,R249T
peg_4362,3.4677,R249T
peg_4363,0.95671,R249T
peg_4364,0.92904,R249T
peg_4365,0.29521,R249T
peg_4381,-0.49382,E258G
peg_4382,-1.5681,E258G
peg_4383,-1.1314,E258G
peg_4386,-0.89176,E258G
peg_4387,-2.6922,E258G
peg_4388,-0.18236,E258G
peg_4391,-0.7159,E258G
peg_4482,-0.68924,P151T
peg_4583,3.5327,R248G
peg_4626,0.15571,G244V
peg_4634,0.46022,G244V
peg_4635,0.28425,G244V
peg_4639,1.1609,G244V
peg_4691,-1.8437,P151A
peg_4701,-1.6984,P151A
peg_4755,0.47138,V274G
peg_4772,1.9581,V274G
peg_4773,0.56259,V274G
peg_4801,-1.6447,L145Q
peg_4802,-0.2071,L145Q
peg_4809,1.6938,L145Q
peg_4810,0.99446,L145Q
peg_4811,-0.48708,L145Q
peg_4812,0.21883,L145Q
peg_4813,0.62436,L145Q
peg_4815,0.90925,L145Q
peg_4870,-2.0561,F113C
peg_4873,-0.35818,F113C
peg_4880,0.64944,C135W
peg_4984,1.1332,C275R
peg_5050,1.5959,S106R
peg_5051,1.2231,S106R
peg_5053,1.0788,S106R
peg_5054,0.73581,S106R
peg_5056,1.8193,S106R
peg_5057,0.36232,S106R
peg_5058,-1.4849,S106R
peg_5059,1.158,S106R
peg_5061,1.0313,S106R
peg_5062,2.0423,S106R
peg_5064,1.2146,S106R
peg_5098,1.7712,F270S
peg_5099,1.0878,F270S
peg_5100,1.2764,F270S
peg_5101,2.0433,F270S
peg_5102,0.80107,F270S
peg_5104,1.5971,F270S
peg_5106,1.9122,F270S
peg_5158,2.1999,F270C
peg_5159,1.8876,F270C
peg_5160,0.91406,F270C
peg_5161,1.8482,F270C
peg_5162,0.37904,F270C
peg_5164,1.4567,F270C
peg_5166,1.6852,F270C
peg_5167,1.0564,F270C
peg_5168,1.0785,F270C
peg_5169,0.63582,F270C
peg_5234,1.0851,G244R
peg_5235,1.0872,G244R
peg_5236,1.1004,G244R
peg_5237,1.2535,G244R
peg_5238,1.1668,G244R
peg_5239,0.27142,G244R
peg_5240,0.75461,G244R
peg_5241,0.053513,G244R
peg_5242,1.968,G244R
peg_5243,2.3567,G244R
peg_5244,2.6778,G244R
peg_5245,3.091,G244R
peg_5246,1.4572,G244R
peg_5247,2.6808,G244R
peg_5248,3.1185,G244R
peg_5249,0.91707,G244R
peg_5250,1.4448,G244R
peg_5251,3.2013,G244R
peg_5252,0.21843,G244R
peg_5253,-1.0465,G244R
peg_5254,1.1933,G244R
peg_5255,-2.0557,G244R
peg_5256,0.18509,G244R
peg_5257,-0.31267,G244R
peg_5258,2.4321,G244R
peg_5259,1.1734,G244R
peg_5260,2.2276,G244R
peg_5261,2.1001,G244R
peg_5262,0.3434,G244R
peg_5263,1.0774,G244R
peg_5557,1.058,R267P
peg_5558,1.5302,R267P
peg_5559,2.0843,R267P
peg_5560,0.072881,R267P
peg_5564,0.1081,R267P
peg_5565,2.186,R267P
peg_5566,3.3495,R267P
peg_5567,3.789,R267P
peg_5572,3.3798,R267P
peg_5579,2.8962,R267P
peg_5581,3.6459,R267P
peg_5628,-0.11033,E285Ter
peg_5762,1.0539,G245R
peg_5763,-0.35468,G245R
peg_5764,1.4066,G245R
peg_5765,2.3609,G245R
peg_5766,1.0287,G245R
peg_5767,1.5267,G245R
peg_5768,1.7203,G245R
peg_5769,0.18747,G245R
peg_5770,0.71712,G245R
peg_5771,0.78782,G245R
peg_5772,2.2972,G245R
peg_5773,1.5733,G245R
peg_5774,0.17483,G245R
peg_5775,0.17354,G245R
peg_5777,0.86377,G245R
peg_5778,0.32082,G245R
peg_5781,0.88247,G245R
peg_5785,0.79301,G245R
peg_5788,1.3187,G245R
peg_6092,0.47151,E271Q
peg_6093,1.2093,E271Q
peg_6094,0.70422,E271Q
peg_6095,1.0843,E271Q
peg_6096,2.3619,E271Q
peg_6097,2.3387,E271Q
peg_6098,1.3558,E271Q
peg_6099,1.1204,E271Q
peg_6100,0.57786,E271Q
peg_6101,1.8757,E271Q
peg_6102,1.4548,E271Q
peg_6103,1.5057,E271Q
peg_6104,1.5183,E271Q
peg_6105,2.3048,E271Q
peg_6106,1.991,E271Q
peg_6110,0.31978,E271Q
peg_6111,0.9507,E271Q
peg_6115,0.59375,E271Q
peg_6118,-0.18216,E271Q
peg_6120,0.79401,E271Q
peg_6140,0.16599,M246L
peg_6141,0.55596,M246L
peg_6142,0.772,M246L
peg_6144,1.0748,M246L
peg_6145,1.5567,M246L
peg_6148,0.48477,M246L
peg_6153,0.044575,M246L
peg_6154,0.39733,M246L
peg_6156,0.4582,M246L
peg_6157,-0.12221,M246L
peg_6158,0.81363,M246L
peg_6161,0.95808,M246L
peg_6162,1.0242,M246L
peg_6320,0.40913,Y220Ter
peg_6321,0.40121,Y220Ter
peg_6369,3.1894,Y103Ter
peg_6535,-1.9232,E258Q
peg_6538,-1.0867,E258Q
peg_6539,-1.5835,E258Q
peg_6540,0.11448,E258Q
peg_6541,0.83569,E258Q
peg_6542,0.98237,E258Q
peg_6543,-1.9737,E258Q
peg_6545,-1.8383,E258Q
peg_6547,1.4036,E258Q
peg_6733,1.1063,G245A
peg_6734,0.27763,G245A
peg_6735,0.8618,G245A
peg_6736,2.8011,G245A
peg_6737,1.2905,G245A
peg_6738,1.6643,G245A
peg_6739,2.2144,G245A
peg_6740,0.02907,G245A
peg_6741,1.3162,G245A
peg_6742,0.90972,G245A
peg_6743,0.19189,G245A
peg_6744,0.76046,G245A
peg_6745,1.128,G245A
peg_6746,0.41037,G245A
peg_6747,-0.38997,G245A
peg_6748,1.6795,G245A
peg_6749,0.81783,G245A
peg_6750,-0.92489,G245A
peg_6751,-0.63321,G245A
peg_6752,0.14555,G245A
peg_6753,1.0183,G245A
peg_6754,0.70977,G245A
peg_6755,1.765,G245A
peg_6756,1.5756,G245A
peg_6757,0.59595,G245A
peg_6758,1.8962,G245A
peg_6759,1.4496,G245A
peg_6922,-0.9493,L145P
peg_6923,0.62061,L145P
peg_6926,-0.19728,L145P
peg_6928,-3.2323,L145P
peg_6929,1.3985,L145P
peg_6930,0.42749,L145P
peg_6931,-0.22352,L145P
peg_6932,-2.6448,L145P
peg_6933,-0.29856,L145P
peg_6934,-1.0663,L145P
peg_6935,-2.1657,L145P
peg_6936,-0.28526,L145P
peg_7219,1.544,C275S
peg_7220,1.4568,C275S
peg_7229,1.6665,C275S
peg_7230,1.2903,C275S
peg_7231,1.4293,C275S
peg_7245,0.72038,C275S
peg_7246,1.5888,C275S
peg_7247,1.4343,C275S
peg_7308,2.3673,C242W
peg_7309,2.2851,C242W
peg_7312,1.3328,C242W
peg_7313,0.62746,C242W
peg_7314,2.0459,C242W
peg_7315,2.3861,C242W
peg_7318,2.7647,C242W
peg_7337,2.4554,C242W
peg_7345,0.6965,V173A
peg_7348,-0.98453,V173A
peg_7349,-0.96292,V173A
peg_7351,-0.49287,V173A
peg_7352,-1.8673,V173A
peg_7353,0.82497,V173A
peg_7354,0.44681,V173A
peg_7355,0.118,V173A
peg_7447,-0.27261,Y327Ter
peg_7482,-1.9997,H179P
peg_7589,-1.0726,C176G
peg_7674,0.84243,R267Q
peg_7680,0.15557,R267Q
peg_7681,1.2559,R267Q
peg_7682,1.3305,R267Q
peg_7687,1.6823,R267Q
peg_7694,0.97313,R267Q
peg_7696,1.754,R267Q
peg_7802,1.5674,E286Q
peg_7859,1.8763,F109V
peg_7956,-3.6795,C176Ter
peg_7957,-1.2303,C176Ter
peg_7958,-0.76018,C176Ter
peg_8065,-0.14828,V218G
peg_8066,-0.52556,V218G
peg_8093,1.3215,V274L
peg_8094,0.99,V274L
peg_8095,1.5031,V274L
peg_8097,0.50087,V274L
peg_8098,1.795,V274L
peg_8099,2.0675,V274L
peg_8103,1.0244,V274L
peg_8106,1.8239,V274L
peg_8108,1.0113,V274L
peg_8112,0.62543,V274L
peg_8118,1.6659,V274L
peg_8119,1.6187,V274L
peg_8120,0.73477,V274L
peg_8243,2.4558,R196P
peg_8245,2.6021,R196P
peg_8247,4.4869,R196P
peg_8248,3.8576,R196P
peg_8249,1.8296,R196P
peg_8252,1.5206,R196P
peg_8268,1.9829,R196P
peg_8269,2.5165,R196P
peg_8270,2.9681,R196P
peg_8469,2.964,L145R
peg_8470,1.655,L145R
peg_8473,0.49248,L145R
peg_8476,0.02591,L145R
peg_8477,2.4676,L145R
peg_8478,2.2427,L145R
peg_8479,-0.93199,L145R
peg_8480,0.37972,L145R
peg_8481,1.086,L145R
peg_8482,0.39665,L145R
peg_8483,1.2957,L145R
peg_8565,-0.8651,V147G
peg_8566,-1.0302,V147G
peg_8567,0.089616,V147G
peg_8568,1.5422,V147G
peg_8570,0.80437,V147G
peg_8573,-0.38621,V147G
peg_8699,0.85703,C275W
peg_8711,1.5848,C275W
peg_8712,0.40641,C275W
peg_8724,1.6307,C275W
peg_8839,-0.069986,F109C
peg_8840,1.6811,F109C
peg_8845,0.80393,F109C
peg_8846,1.4493,F109C
peg_8848,0.47848,F109C
peg_8849,0.99786,F109C
peg_8850,-0.15185,F109C
peg_8950,0.68135,V173G
peg_8951,0.14017,V173G
peg_8952,-0.62169,V173G
peg_8953,-0.48356,V173G
peg_8954,-0.5539,V173G
peg_8955,-2.5243,V173G
peg_8956,1.428,V173G
peg_8957,1.2764,V173G
peg_8958,-1.0639,V173G
peg_8959,0.60004,V173G
peg_8960,-0.024509,V173G
peg_8961,0.14249,V173G
peg_8962,-0.0074548,V173G
peg_8963,0.92894,V173G
peg_8964,0.76975,V173G
peg_8965,2.0007,V173G
peg_8966,0.9614,V173G
peg_8967,-0.08313,V173G
peg_8968,-0.69457,V173G
peg_8969,-2.4487,V173G
peg_8970,-1.8316,V173G
peg_8972,-1.9834,V173G
peg_8973,-0.99412,V173G
peg_8978,0.61939,V173G
peg_9032,1.3138,C124Ter
peg_9034,0.7327,C124Ter
peg_9036,1.198,C124Ter
peg_9038,0.52924,C124Ter
peg_9048,1.5904,C124Ter
peg_9073,1.5025,I195S
peg_9074,1.6415,I195S
peg_9075,2.0497,I195S
peg_9228,1.3886,E346Ter
peg_9229,1.091,E346Ter
peg_9230,0.71968,E346Ter
peg_9231,1.1995,E346Ter
peg_9232,1.2387,E346Ter
peg_9233,1.6522,E346Ter
peg_9240,1.4112,E346Ter
peg_9241,1.4404,E346Ter
peg_9242,0.77646,E346Ter
peg_9243,0.58639,E346Ter
peg_9244,1.0043,E346Ter
peg_9245,0.8445,E346Ter
peg_9246,0.71999,E346Ter
peg_9247,1.9468,E346Ter
peg_9248,2.0993,E346Ter
peg_9309,-1.0972,R110H
peg_9463,0.018846,V216G
peg_9467,0.90576,V216G
peg_9471,1.1974,V216G
peg_9472,0.42147,V216G
peg_9473,1.1198,V216G
peg_9608,0.028781,T170M
peg_9610,-1.6794,T170M
peg_9611,3.4126,T170M
peg_9612,2.715,T170M
peg_9613,1.6071,T170M
peg_9614,1.7594,T170M
peg_9615,2.2663,T170M
peg_9616,0.92063,T170M
peg_9629,2.0867,T170M
peg_9630,1.5951,T170M
peg_9631,3.1155,T170M
peg_9632,-2.0411,T170M
peg_9633,0.53734,T170M
peg_9634,-1.1742,T170M
peg_9644,-0.12343,V173E
peg_9645,-0.66851,V173E
peg_9648,-2.0092,V173E
peg_9649,-0.33061,V173E
peg_9650,-3.3244,V173E
peg_9651,-0.84508,V173E
peg_9652,-0.20111,V173E
peg_9653,0.62578,V173E
peg_9654,-0.17751,V173E
peg_9655,-1.5943,V173E
peg_9838,2.3732,R196G
peg_10101,1.5834,V272G
peg_10105,1.5624,V272G
peg_10106,1.3095,V272G
peg_10108,1.445,V272G
peg_10110,1.0142,V272G
peg_10113,1.2827,V272G
peg_10115,1.0082,V272G
peg_10163,1.449,E62Ter
peg_10164,-1.2598,E62Ter
peg_10168,1.7548,E62Ter
peg_10169,-0.59214,E62Ter
peg_10385,1.5691,C242Ter
peg_10388,1.6716,C242Ter
peg_10390,2.0439,C242Ter
peg_10391,2.4523,C242Ter
peg_10418,1.632,E285Q
peg_10419,-0.087754,E285Q
peg_10423,-1.159,E285Q
peg_10425,1.5051,E285Q
peg_10438,2.8183,G244A
peg_10439,1.3521,G244A
peg_10440,2.5107,G244A
peg_10441,2.41,G244A
peg_10442,2.3952,G244A
peg_10443,1.8492,G244A
peg_10444,0.57614,G244A
peg_10445,-0.15112,G244A
peg_10446,2.6937,G244A
peg_10447,1.9071,G244A
peg_10448,2.4055,G244A
peg_10449,2.7678,G244A
peg_10450,1.4472,G244A
peg_10451,2.5628,G244A
peg_10452,3.0639,G244A
peg_10453,0.3092,G244A
peg_10454,2.1639,G244A
peg_10455,3.0557,G244A
peg_10456,0.24047,G244A
peg_10457,0.41697,G244A
peg_10458,0.90126,G244A
peg_10459,-1.117,G244A
peg_10460,0.69008,G244A
peg_10461,0.82063,G244A
peg_10462,1.373,G244A
peg_10463,2.4961,G244A
peg_10464,1.4431,G244A
peg_10465,0.98079,G244A
peg_10466,-1.0132,G244A
peg_10467,0.44178,G244A
peg_10636,-0.042979,L111M
peg_10641,0.5532,L111M
peg_10642,-1.3027,P82L
peg_10644,0.3359,P82L
peg_10645,-0.013872,P82L
peg_10646,-0.32202,P82L
peg_10648,-3.0939,P82L
peg_10649,-1.9166,P82L
peg_10650,-0.43752,P82L
peg_10651,0.20212,P82L
peg_10652,-0.75332,P82L
peg_10653,-2.1406,P82L
peg_10663,0.67892,P82L
peg_10664,0.32838,P82L
peg_10849,0.48974,T125P
peg_10887,1.0164,K292Ter
peg_10901,1.682,K292Ter
peg_11073,1.4861,V197G
peg_11074,1.6085,V197G
peg_11393,0.23569,R333C
peg_11500,1.1819,S215T
peg_11501,1.0928,S215T
peg_11580,-1.6183,E171G
peg_11581,-0.85987,E171G
peg_11583,-0.77822,E171G
peg_11584,-0.35514,E171G
peg_11585,-3.3299,E171G
peg_11586,-0.75918,E171G
peg_11587,-2.8889,E171G
peg_11588,-0.031215,E171G
peg_11590,-0.72185,E171G
peg_11591,0.19144,E171G
peg_11595,-1.5149,E171G
peg_11596,-0.21335,E171G
peg_11597,0.0048401,E171G
peg_11603,-0.37546,E171G
peg_11619,-2.8865,D259H
peg_11620,-1.118,D259H
peg_11621,-0.73653,D259H
peg_11622,-1.9522,D259H
peg_11623,-0.44059,D259H
peg_11624,0.27353,D259H
peg_11625,0.092626,D259H
peg_11626,-1.6772,D259H
peg_11627,1.1089,D259H
peg_11634,-2.0543,D259H
peg_11635,0.20613,D259H
peg_11636,0.80293,D259H
peg_11681,0.97664,R196L
peg_11703,2.2407,R196L
peg_12025,0.13643,A347D
peg_12026,-0.16493,A347D
peg_12027,0.8913,A347D
peg_12029,1.6043,A347D
peg_12030,-1.8915,A347D
peg_12032,0.7213,A347D
peg_12033,0.54031,A347D
peg_12035,0.8048,A347D
peg_12039,1.0362,A347D
peg_12112,0.58021,Y107D
peg_12114,1.3102,Y107D
peg_12119,0.20792,Y107D
peg_12120,1.1584,Y107D
peg_12121,1.1045,Y107D
peg_12122,0.39526,Y107D
peg_12292,1.034,C275G
peg_12297,1.2575,C275G
peg_12302,0.61242,C275G
peg_12314,1.7141,C275G
peg_12317,0.52083,C275G
peg_12479,-0.9235,R174G
peg_12481,-1.3205,R174G
peg_12489,-1.6219,R174G
peg_12490,-0.72015,R174G
peg_12491,-0.82617,R174G
peg_12493,-1.3747,R174G
peg_12494,-4.8911,R174G
peg_12550,0.68577,A189D
peg_12551,0.34325,A189D
peg_12727,0.2699,Y234S
peg_12731,0.2149,Y234S
peg_12733,0.98713,Y234S
peg_12734,1.2239,Y234S
peg_12793,-0.6912,W146G
peg_12794,-1.1287,W146G
peg_12795,-0.85459,W146G
peg_12797,-2.0657,W146G
peg_12798,0.7887,W146G
peg_12799,0.23344,W146G
peg_12800,1.4937,W146G
peg_12801,-1.8389,W146G
peg_12802,0.923,W146G
peg_12804,1.8704,W146G
peg_12805,1.9275,W146G
peg_12806,-1.5538,W146G
peg_12807,2.1549,W146G
peg_12866,0.69646,A347P
peg_12867,0.70815,A347P
peg_12868,3.5724,A347P
peg_12878,2.1964,A347P
peg_12879,1.2705,A347P
peg_12880,0.62037,A347P
peg_12881,2.1295,A347P
peg_12882,2.0436,A347P
peg_12883,1.7694,A347P
peg_12884,1.255,A347P
peg_12885,1.984,A347P
peg_12886,3.7373,A347P
peg_12890,3.0809,A347P
peg_12891,3.4491,A347P
peg_12892,2.5011,A347P
peg_12926,-0.33871,S261T
peg_12928,-0.03695,S261T
peg_12929,-0.9395,S261T
peg_12930,-1.1947,S261T
peg_12932,-0.55337,S261T
peg_12933,-1.0887,S261T
peg_12934,-2.938,S261T
peg_12935,0.51336,S261T
peg_12936,0.96297,S261T
peg_12940,-0.80376,S261T
peg_12941,-0.83338,S261T
peg_12945,-0.20667,S261T
peg_12946,-0.16672,S261T
peg_12952,-1.0328,S261T
peg_12953,0.0097109,A347T
peg_12954,0.39352,A347T
peg_12955,0.43638,A347T
peg_12965,0.95935,A347T
peg_12966,1.0668,A347T
peg_12967,0.96004,A347T
peg_12971,1.1066,A347T
peg_12972,1.2253,A347T
peg_12977,1.1778,A347T
peg_12978,1.2561,A347T
peg_12979,1.3514,A347T
peg_13118,1.6928,D393G
peg_13119,0.82721,D393G
peg_13120,0.64658,D393G
peg_13127,0.83602,D393G
peg_13128,1.9074,D393G
peg_13129,1.2225,D393G
peg_13130,1.7277,D393G
peg_13131,1.801,D393G
peg_13132,1.0964,D393G
peg_13151,-0.73534,D41H
peg_13152,-2.0793,D41H
peg_13153,-0.11607,D41H
peg_13154,-0.16661,D41H
peg_13158,-0.68643,D41H
peg_13159,-0.30412,D41H
peg_13161,0.15939,D41H
peg_13166,0.57024,D41H
peg_13174,-2.0253,D41H
peg_13267,1.6625,D61H
peg_13268,1.4842,D61H
peg_13269,-0.88638,D61H
peg_13270,1.3725,D61H
peg_13271,0.36453,D61H
peg_13272,-0.02377,D61H
peg_13273,0.89227,D61H
peg_13274,1.0295,D61H
peg_13275,-0.29145,D61H
peg_13285,-0.24457,D61H
peg_13286,1.5668,D61H
peg_13287,1.5908,D61H
peg_13298,-1.8633,E171K
peg_13299,0.78216,E171K
peg_13304,-0.99099,E171K
peg_13305,-3.8031,E171K
peg_13306,-1.2615,E171K
peg_13311,0.29247,E171K
peg_13312,-0.085097,E171K
peg_13313,0.24698,E171K
peg_13314,-2.0508,E171K
peg_13316,-0.46077,E171K
peg_13317,1.8701,E171K
peg_13318,0.26178,E171K
peg_13321,-2.5152,E171K
peg_13324,0.19312,E171K
peg_13407,2.0125,G262S
peg_13408,0.81023,G262S
peg_13529,0.73287,R333P
peg_13536,-0.03263,R333P
peg_13539,0.77461,R333P
peg_13540,-0.64002,R333P
peg_13544,-0.88638,R333P
peg_13545,0.47385,R333P
peg_13546,1.5205,R333P
peg_13549,-0.074817,R333P
peg_13551,0.27718,R333P
peg_13552,0.61276,R333P
peg_13553,2.0719,R333P
peg_13555,0.85164,R333P
peg_13556,1.6427,R333P
peg_13591,-1.0217,P177H
peg_13592,-1.4524,P177H
peg_13593,-1.1942,P177H
peg_13612,-1.0348,P177H
peg_13613,-1.5756,P177H
peg_13801,-3.2764,D148H
peg_13802,-0.92851,D148H
peg_13805,-0.48427,D148H
peg_13894,2.7593,I254T
peg_14267,-0.068059,M243I
peg_14268,0.56841,M243I
peg_14269,1.8722,M243I
peg_14270,0.32479,M243I
peg_14271,0.60095,M243I
peg_14272,0.63661,M243I
peg_14273,-0.1318,M243I
peg_14274,-0.30721,M243I
peg_14275,2.2011,M243I
peg_14335,-0.34085,R267L
peg_14341,0.85589,R267L
peg_14342,1.2402,R267L
peg_14343,1.4857,R267L
peg_14348,0.9121,R267L
peg_14355,0.83932,R267L
peg_14357,1.2976,R267L
peg_14391,-0.8412,M169I
peg_14392,-0.14549,M169I
peg_14393,-0.33728,M169I
peg_14394,-0.63484,M169I
peg_14395,-0.20384,M169I
peg_14398,-0.28589,M169I
peg_14399,0.83808,M169I
peg_14402,-0.34758,M169I
peg_14403,0.93749,M169I
peg_14404,-1.276,M169I
peg_14449,0.0067184,P153S
peg_14513,2.2573,N345S
peg_14514,2.2503,N345S
peg_14515,2.1864,N345S
peg_14516,2.2862,N345S
peg_14517,2.3711,N345S
peg_14518,2.55,N345S
peg_14525,2.6217,N345S
peg_14526,2.7754,N345S
peg_14527,2.4965,N345S
peg_14528,2.2288,N345S
peg_14529,2.6348,N345S
peg_14530,2.8066,N345S
peg_14531,2.5245,N345S
peg_14532,1.9185,N345S
peg_14533,2.3346,N345S
peg_14589,-0.39876,V73L
peg_14611,-0.64488,A307P
peg_14743,-0.80876,N247T
peg_14834,-1.1151,D7H
peg_14844,-0.94396,D7H
peg_14845,-0.053977,D7H
peg_14852,-1.4632,D7H
peg_14903,-0.46376,N263D
peg_14905,-0.89803,N263D
peg_14909,0.91426,N263D
peg_14910,0.8547,N263D
peg_14911,0.92879,N263D
peg_14912,1.8932,N263D
peg_14913,1.0365,N263D
peg_14914,1.3999,N263D
peg_14915,1.0755,N263D
peg_14917,0.69788,N263D
peg_14924,-0.30943,N263S
peg_14925,0.55079,N263S
peg_14926,0.65992,N263S
peg_14927,1.4521,N263S
peg_14928,1.1152,N263S
peg_14929,1.3404,N263S
peg_15166,-0.84472,D42Y
peg_15167,-2.388,D42Y
peg_15178,1.1004,D42Y
peg_15183,-1.1269,D42Y
peg_15187,-0.3571,D42Y
peg_15193,-2.06,D42Y
peg_15253,-0.20224,D42H
peg_15254,-1.5626,D42H
peg_15257,-0.78588,D42H
peg_15265,0.16494,D42H
peg_15270,-1.6782,D42H
peg_15272,0.88441,D42H
peg_15363,1.6956,D393H
peg_15365,1.4814,D393H
peg_15372,0.99186,D393H
peg_15373,0.46189,D393H
peg_15374,1.2575,D393H
peg_15376,1.1812,D393H
peg_15377,1.5866,D393H
peg_15503,-1.1195,A84T
peg_15509,-0.64067,A84T
peg_15516,1.2186,A84T
peg_15517,-0.096744,A84T
peg_15518,-1.1368,A84T
peg_15523,-0.803,A84T
peg_15526,-0.28954,D259G
peg_15527,0.036289,D259G
peg_15533,0.18985,D259G
peg_15540,0.14525,D259G
peg_15553,-0.32029,A83T
peg_15554,0.30929,A83T
peg_15555,-2.2122,A83T
peg_15561,-0.48475,A83T
peg_15562,1.189,A83T
peg_15563,-1.3425,A83T
peg_15573,-0.40169,A83T
peg_15606,-0.86291,A83P
peg_15607,0.67513,A83P
peg_15608,-1.0705,A83P
peg_15609,0.85774,A83P
peg_15611,0.31024,A83P
peg_15612,0.70231,A83P
peg_15613,-0.30698,A83P
peg_15615,0.24033,A83P
peg_15616,0.35287,A83P
peg_15617,-1.1365,A83P
peg_15619,-0.85203,A83P
peg_15620,-1.9019,A83P
peg_15622,1.872,A83P
peg_15624,-0.14466,A83P
peg_15625,-3.5774,A83P
peg_15627,0.89861,A83P
peg_15628,1.1851,A83P
peg_15629,-0.34748,A83P
peg_15631,-0.80261,A83P
peg_15787,-0.88804,A355P
peg_15788,-1.3249,A355P
peg_15789,-1.7935,A355P
peg_15790,-0.33991,A355P
peg_15791,-0.58137,A355P
peg_15792,-0.66945,A355P
peg_15793,0.24764,A355P
peg_15794,-0.38319,A355P
peg_15795,0.74503,A355P
peg_15796,0.45702,A355P
peg_15797,-1.2016,A355P
peg_15798,0.37,A355P
peg_15995,-0.091273,P322L
peg_16007,3.3622,P322L
peg_16591,-0.59808,M40V
peg_16592,-1.8034,M40V
peg_16593,0.018838,M40V
peg_16595,-1.6469,M40V
peg_16597,1.5523,M40V
peg_16602,-0.96245,M40V
peg_16604,-2.1902,M40V
peg_16606,0.077453,M40V
peg_16640,-0.93246,F109L
peg_16641,0.68337,F109L
peg_16642,-0.025252,F109L
peg_16643,2.1322,F109L
peg_16644,-0.60221,F109L
peg_16645,-0.097666,F109L
peg_16648,0.99726,F109L
peg_16649,0.58877,F109L
peg_16726,1.6902,F328L
peg_16727,0.64773,F328L
peg_16730,4.2963,F328L
peg_16731,-2.5198,F328L
peg_16732,3.1031,F328L
peg_17096,0.46353,T170K
peg_17097,-0.18675,T170K
peg_17098,-0.2639,T170K
peg_17099,2.8541,T170K
peg_17100,2.6707,T170K
peg_17101,1.3097,T170K
peg_17102,2.3784,T170K
peg_17103,2.0484,T170K
peg_17104,2.5033,T170K
peg_17117,2.52,T170K
peg_17118,2.3257,T170K
peg_17119,3.5064,T170K
peg_17121,0.84295,T170K
peg_17122,0.062316,T170K
peg_17149,1.6677,T230P
peg_17150,-0.33621,T230P
peg_17269,0.14997,T256R
peg_17270,0.69243,T256R
peg_17275,-0.48726,T256R
peg_17276,0.40088,T256R
peg_17277,-0.53618,T256R
peg_17279,1.7426,T256R
peg_17280,1.2922,T256R
peg_17281,1.0356,T256R
peg_17283,1.1851,T256R
peg_17320,-0.22364,W146C
peg_17323,-4.4837,W146C
peg_17324,-3.9394,W146C
peg_17326,-1.0037,W146C
peg_17328,-0.8154,W146C
peg_17329,-2.8972,W146C
peg_17331,0.10234,W146C
peg_17334,-0.14094,W146C
peg_17389,1.0565,Y107C
peg_17391,0.26828,Y107C
peg_17399,-0.10936,Y107H
peg_17404,-0.29442,Y107H
peg_17450,0.43237,V147A
peg_17454,0.29267,V147A
peg_17466,0.50548,V147I
peg_17477,-0.12438,V147L
peg_17478,-2.5263,V147L
peg_17479,-2.6944,V147L
peg_17481,-2.4535,V147L
peg_17482,-3.4172,V147L
peg_17483,-0.47972,V147L
peg_17485,-0.79378,V147L
peg_17488,-1.7124,V147L
peg_17489,-3.1166,V147L
peg_17491,-0.0064579,V147L
peg_17633,-0.39336,S149Y
peg_17634,-2.9143,S149Y
peg_17636,-0.64687,S149Y
peg_17637,-1.5455,S149Y
peg_17640,0.60819,S149Y
peg_17942,1.3627,S46Y
peg_17943,-0.39125,S46Y
peg_17948,0.67882,S46Y
peg_17966,0.90507,S46Y
peg_18111,1.9807,E298Q
peg_18112,0.84855,E298Q
peg_18114,0.99097,E298Q
peg_18115,0.082357,E298Q
peg_18116,-0.024533,E298Q
peg_18324,0.026241,G112R
peg_18563,0.4288,G325A
peg_18615,-0.71316,G334R
peg_18617,0.50225,G334R
peg_18618,-0.21231,G334R
peg_18619,0.54857,G334R
peg_18620,-1.4732,G334R
peg_18621,0.18721,G334R
peg_18622,0.35497,G334R
peg_18623,1.481,G334R
peg_18657,0.12829,G356A
peg_18658,-1.4234,G356A
peg_18659,0.48038,G356A
peg_18661,-0.5848,G356A
peg_18665,0.43786,G356A
peg_18685,1.0106,E294Q
peg_18686,-0.0092806,E294Q
peg_18687,0.44693,E294Q
peg_18700,0.86157,E294Q
peg_18701,-0.039338,E294Q
peg_18702,-0.18413,E294Q
peg_18857,-0.52601,Q354R
peg_18861,-2.5754,Q354R
peg_18863,-1.0118,Q354R
peg_18864,-0.026734,Q354R
peg_18865,0.075873,Q354R
peg_18866,0.10856,Q354R
peg_18947,-1.6455,E180D
peg_18948,-3.3599,E180D
peg_18950,-1.3131,E180D
peg_18964,-1.0424,E180G
peg_18967,-1.6739,E180G
peg_18968,-1.3348,E180G
peg_19151,1.3719,G59R
peg_19152,1.4796,G59R
peg_19154,1.3387,G59R
peg_19155,0.55821,G59R
peg_19156,0.73145,G59R
peg_19157,1.6455,G59R
peg_19170,1.8678,G59R
peg_19171,1.9092,G59R
peg_19172,-0.3137,G59R
peg_19173,1.2139,G59R
peg_19187,-0.95734,H178R
peg_19188,-1.5892,H178R
peg_19345,0.30297,L348W
peg_19414,-2.1728,L43F
peg_19416,0.57909,L43F
peg_19427,-0.76537,L43F
peg_19591,0.76626,K292N
peg_19592,0.16748,K292N
peg_19731,0.73536,L264I
peg_19732,0.60484,L264I
peg_19733,0.79752,L264I
peg_19734,0.98769,L264I
peg_19735,1.1111,L264I
peg_19736,0.97271,L264I
peg_19778,0.58931,V217G
peg_19779,-0.94779,V217G
peg_19781,-0.17892,V217G
peg_19877,0.0065591,H296Q
peg_19879,-0.094649,H296Q
peg_19880,0.40214,H296Q
peg_19881,0.41556,H296Q
peg_19883,0.36496,H296Q
peg_19884,0.68333,H296Q
peg_20023,1.5431,I254M
peg_20031,2.7682,I254M
peg_20032,1.2081,I254M
peg_20033,0.79717,I254M
peg_20060,1.3561,L22V
peg_20061,1.1709,L22V
peg_20062,2.1139,L22V
peg_20161,0.074938,L137V
peg_20220,0.48589,L194V
peg_20222,1.3049,L194V
peg_26807,-2.236,D42D
peg_26945,0.84025,E62E
peg_27049,-4.0369,P82P
peg_27069,-2.1503,A86A
peg_27485,-0.64673,R174R
peg_27486,-1.6394,R174R
peg_27496,-2.345,R174R
peg_27498,-1.884,R174R
peg_27588,1.5612,E198E
peg_27595,1.0326,E198E
peg_27603,1.5807,E198E
peg_27604,1.6337,E198E
peg_27885,-2.1219,E258E
peg_27888,-0.92681,E258E
peg_27952,1.4217,G266G
peg_28353,1.4331,E326E
peg_28365,1.2281,E326E
peg_28485,0.42754,E346E
peg_28488,0.52177,E346E
peg_28490,0.39011,E346E
peg_28500,0.80974,E346E
peg_28502,1.3856,E346E
peg_28507,1.2413,E346E
